Risk,Demand fluctuation,Average stock,Daily usage,Unit cost,Lead time,Consignment stock,Unit size,Score TOPSIS,Rang,Classe
High,Ending,110.34,4.94,7.64446,23,Yes,Large,0.7712230540406787,3,A
Normal,Ending,183.26,1.58,2.50913,10,No,Large,0.4727389940558038,426,C
Normal,Stable,115.42,3.29,6.25884,17,No,Medium,0.6137099300030406,115,A
Low,Stable,113.85,0.26,4.95187,19,Yes,Large,0.4586373158005913,455,C
Normal,Decreasing,149.02,4.93,6.48226,24,Yes,Small,0.6155198807886341,111,A
Low,Unknown,117.18,0.96,3.75497,6,No,Small,0.29197747450213235,680,C
Normal,Ending,24.11,1.82,1.48254,4,No,Large,0.37450375567696914,632,C
High,Unknown,87.37,4.41,9.12498,24,Yes,Medium,0.7320918574035311,12,A
Normal,Decreasing,179.4,3.65,0.57078,18,Yes,Small,0.4360024823776885,504,C
Low,Stable,163.53,4.97,2.22409,12,Yes,Medium,0.4878852858551273,389,C
Low,Unknown,194.04,4.8,6.3821,9,No,Large,0.6322636419346226,84,A
Low,Increasing,80.83,4.07,3.01914,24,No,Large,0.5954109530633069,149,B
Low,Ending,112.74,0.41,9.06017,28,Yes,Large,0.5723688194142148,176,B
Normal,Ending,155.16,1.29,9.36031,22,Yes,Small,0.5417352568484401,244,B
High,Unknown,83.91,1.73,7.19356,20,No,Small,0.5407897861123805,246,B
High,Increasing,172.57,2.76,5.79843,12,Yes,Medium,0.5542397107236536,207,B
Normal,Decreasing,95.79,0.53,0.61852,0,No,Small,0.20040958834340386,699,C
Low,Unknown,100.96,1.16,7.27614,20,No,Medium,0.5199710434553303,310,B
Normal,Ending,89.68,1.76,3.86373,11,Yes,Medium,0.37494102047813604,631,C
High,Increasing,95.53,2.92,5.81963,19,Yes,Large,0.6294532032781753,89,A
High,Increasing,158.8,0.76,6.9173,3,No,Medium,0.48442260300116907,399,C
Low,Ending,43.82,4.06,5.81463,21,No,Large,0.6128129761542439,117,A
Low,Ending,37.75,4.77,8.66102,29,No,Small,0.6184958688036504,104,A
Normal,Increasing,134.93,2.86,9.04745,16,Yes,Small,0.5665730973128759,185,B
Normal,Unknown,162.12,2.8,6.28768,19,No,Small,0.5614689170816672,191,B
High,Ending,77.0,0.31,0.81413,17,No,Small,0.3396155447046522,658,C
High,Stable,98.35,3.0,3.78275,2,No,Large,0.512231645557418,328,B
Normal,Ending,127.58,1.19,1.63124,6,No,Small,0.27931600251963207,682,C
Normal,Increasing,87.51,4.02,1.12924,13,No,Large,0.5264806389365105,285,B
Normal,Ending,119.48,3.57,6.28187,19,Yes,Medium,0.5811945921485786,167,B
Normal,Stable,98.15,4.63,4.81546,6,Yes,Small,0.46748621355962766,437,C
High,Unknown,94.98,1.75,8.98198,12,Yes,Large,0.5939335566591607,151,B
Low,Increasing,114.44,2.74,2.89754,29,No,Medium,0.5383854964852758,252,B
Normal,Increasing,127.86,0.56,4.3001,25,No,Large,0.5576885581560022,199,B
Low,Ending,21.43,1.14,9.84665,8,Yes,Large,0.4909887501620357,384,C
Normal,Increasing,100.91,1.99,6.41002,3,No,Large,0.5250393837490258,291,B
High,Ending,78.6,0.04,8.05342,11,Yes,Small,0.4192395940412213,540,C
Low,Increasing,51.26,0.44,7.86853,11,No,Small,0.4141972020329144,546,C
High,Ending,103.56,3.53,8.05425,27,Yes,Medium,0.6957920883142817,32,A
Low,Unknown,131.9,2.36,6.50407,1,Yes,Large,0.4700156016625156,431,C
High,Ending,47.75,0.74,8.86436,22,No,Small,0.5274675239264823,281,B
High,Unknown,155.42,0.27,7.64038,7,Yes,Small,0.42914601420439674,514,C
Normal,Ending,66.38,2.41,5.85458,30,No,Medium,0.5967988516480163,147,B
High,Stable,136.17,3.82,9.92486,11,Yes,Large,0.6854466629497273,35,A
Normal,Ending,15.22,0.24,7.33757,2,Yes,Medium,0.36407314334027224,639,C
Low,Unknown,86.6,4.83,4.5385,2,No,Large,0.5276045827105804,279,B
High,Stable,108.84,1.39,1.65729,6,Yes,Medium,0.3503847974623283,649,C
Low,Stable,160.24,2.18,9.23807,7,Yes,Small,0.47777661442125874,414,C
Low,Stable,137.23,3.57,2.5714,29,No,Medium,0.5592255973471555,194,B
Low,Decreasing,104.37,1.24,5.44558,30,No,Small,0.4953836167186233,374,C
Low,Ending,132.12,4.05,4.65851,21,No,Small,0.5223506570810355,296,B
High,Ending,31.06,2.14,9.69943,30,Yes,Medium,0.6400787082533561,73,A
Normal,Ending,109.04,3.35,8.312,11,No,Small,0.5479851148936906,226,B
Low,Unknown,25.07,1.08,3.70093,5,Yes,Medium,0.26278905689024135,683,C
High,Ending,76.18,3.86,6.99975,19,No,Large,0.7185826950530145,18,A
High,Decreasing,50.43,1.88,7.66093,20,No,Large,0.6388909650758583,76,A
High,Unknown,61.73,3.35,4.71035,3,Yes,Small,0.4120259879427375,550,C
Low,Increasing,81.44,4.62,0.24833,16,No,Medium,0.4659830590776263,442,C
Low,Unknown,154.32,4.83,9.95105,21,No,Large,0.7546925379525828,8,A
Low,Increasing,127.7,1.44,7.77542,27,Yes,Small,0.5201128922014989,308,B
Low,Increasing,25.29,4.56,3.52317,17,No,Large,0.5713806579702173,177,B
High,Stable,14.61,0.24,4.4166,30,Yes,Medium,0.47783220450500613,413,C
High,Ending,66.9,0.51,6.40098,16,No,Small,0.44672286911005504,471,C
Normal,Ending,114.89,0.39,7.74089,1,No,Medium,0.42322826813994463,529,C
High,Unknown,72.85,2.41,8.39039,18,Yes,Medium,0.5924817327432824,152,B
Low,Increasing,169.35,2.57,8.07991,7,No,Medium,0.548258172396701,225,B
Low,Increasing,12.76,1.07,8.31588,3,No,Medium,0.42600373048926027,522,C
High,Increasing,165.23,1.2,1.49624,6,No,Medium,0.39746054489993154,589,C
Normal,Stable,133.35,2.46,3.3365,15,No,Large,0.5505481833475934,216,B
Low,Ending,160.04,1.72,0.24856,27,Yes,Medium,0.40868852964348373,558,C
Low,Ending,12.42,2.15,9.15389,16,Yes,Large,0.5423896345328295,240,B
Low,Stable,149.21,4.17,0.92516,10,Yes,Small,0.3901061729516261,602,C
Low,Unknown,13.09,1.2,4.89362,29,No,Medium,0.4889958066591838,387,C
Normal,Unknown,33.23,0.16,7.24437,18,No,Large,0.5278719351161001,277,B
Normal,Decreasing,92.79,4.58,7.77865,23,No,Medium,0.718067208015363,19,A
Low,Unknown,123.75,0.73,4.9781,25,No,Medium,0.4897535293279737,385,C
Normal,Stable,148.89,4.58,1.70736,28,No,Medium,0.5940577455382487,150,B
High,Ending,65.38,0.8,5.78012,20,No,Medium,0.5046829234066147,346,B
Normal,Unknown,132.89,0.68,8.62564,18,No,Large,0.6113960969267327,119,A
High,Stable,1.53,4.02,7.7905,15,No,Medium,0.6406371725447619,72,A
Normal,Ending,147.84,1.91,4.06227,10,No,Medium,0.4453611364431658,473,C
High,Increasing,31.08,2.71,8.76238,7,Yes,Medium,0.5335086513361648,262,B
Low,Ending,163.72,0.16,4.4216,24,No,Small,0.42163678294888357,533,C
Normal,Decreasing,158.04,0.46,9.43514,9,No,Medium,0.5298050913446032,273,B
Normal,Ending,56.38,3.95,4.53622,28,No,Large,0.6573517006673271,59,A
Low,Increasing,132.32,1.46,5.34356,30,No,Large,0.6046658197344073,130,A
Low,Ending,146.14,3.46,6.64306,5,No,Medium,0.5058663702437799,342,B
Normal,Increasing,166.87,1.21,1.92354,17,No,Medium,0.4443568872760724,479,C
High,Unknown,173.66,0.71,6.35424,27,No,Small,0.5534923258628889,209,B
Normal,Decreasing,114.15,3.85,5.6177,23,Yes,Large,0.6632809602175194,56,A
Normal,Increasing,36.64,4.55,5.36422,19,No,Small,0.5644559263022032,187,B
Normal,Increasing,131.34,4.25,4.71412,30,No,Small,0.6156221969246767,110,A
Normal,Increasing,17.65,0.19,8.44857,2,Yes,Medium,0.4103600697691579,554,C
High,Ending,130.98,1.92,5.88278,30,Yes,Medium,0.6018410310548298,136,A
Normal,Ending,151.95,0.47,1.44274,2,Yes,Large,0.3408113541713858,657,C
High,Stable,99.66,3.87,8.03314,11,Yes,Medium,0.6045933470930023,131,A
Normal,Stable,193.55,3.86,0.10302,8,No,Medium,0.4603913394600768,451,C
Low,Increasing,62.09,4.37,1.07649,3,Yes,Medium,0.36946568070475905,635,C
Low,Stable,152.47,3.05,0.67493,17,Yes,Medium,0.4104990310778907,553,C
Low,Unknown,41.8,3.58,0.39322,4,No,Large,0.4048050698083069,568,C
High,Ending,182.84,3.36,2.86937,28,Yes,Large,0.6291538138705424,90,A
High,Stable,90.82,1.68,6.52307,14,No,Large,0.5959103520946983,148,B
Normal,Increasing,160.82,1.59,9.45133,13,No,Small,0.5569942940375219,203,B
Low,Stable,123.95,3.07,1.68177,30,Yes,Small,0.45901801327040825,454,C
High,Increasing,76.77,0.97,8.61094,29,Yes,Medium,0.6030615646006726,135,A
Normal,Ending,126.16,2.94,3.00521,4,No,Small,0.37643211410301336,626,C
Normal,Ending,117.39,0.45,5.40001,20,Yes,Small,0.3985670735025213,585,C
Low,Increasing,62.48,1.85,4.92593,8,No,Medium,0.4019049628432253,575,C
High,Ending,145.53,0.96,7.17145,21,Yes,Small,0.4986767183222735,361,C
High,Unknown,155.56,1.92,0.26867,5,No,Medium,0.38309699520748686,617,C
Low,Decreasing,104.57,1.43,2.24126,8,No,Large,0.40181846979109287,577,C
Low,Unknown,133.97,3.06,6.70908,4,Yes,Small,0.4245350672850481,527,C
High,Stable,153.87,1.41,6.41276,13,Yes,Medium,0.5134891360594451,322,B
Normal,Stable,8.67,1.38,2.11231,9,No,Medium,0.33632604323285864,662,C
Normal,Increasing,29.16,4.55,8.43825,7,Yes,Small,0.5242071712185538,293,B
High,Unknown,15.49,1.43,2.86138,0,Yes,Large,0.3840190949330019,614,C
Normal,Increasing,121.28,2.89,2.32659,15,Yes,Small,0.40918361371011536,555,C
High,Decreasing,94.81,0.86,6.52052,4,Yes,Medium,0.4201691676135573,538,C
High,Decreasing,188.19,1.77,9.278,27,Yes,Medium,0.6841016816569182,38,A
Normal,Decreasing,15.81,1.91,0.62758,20,No,Medium,0.40039872435651946,581,C
High,Stable,109.72,1.78,6.39829,13,No,Small,0.5005749608241941,357,C
High,Unknown,16.36,4.69,9.29719,0,No,Small,0.5446445581858118,237,B
Normal,Decreasing,86.54,2.1,2.12161,28,No,Medium,0.5063265327962324,340,B
Normal,Ending,2.44,0.57,9.50471,22,Yes,Small,0.47645166977509584,418,C
High,Stable,54.9,4.63,8.12929,6,No,Small,0.5706268591111937,179,B
High,Stable,74.25,1.42,0.88351,29,Yes,Medium,0.4574261535304219,457,C
Low,Increasing,178.3,1.41,1.58868,7,No,Medium,0.34452075336857024,654,C
High,Decreasing,181.83,1.31,4.28482,29,No,Small,0.5413076813830359,245,B
High,Decreasing,197.25,2.4,7.11141,12,No,Medium,0.6145995575832,113,A
Low,Decreasing,132.8,0.1,3.47324,22,Yes,Medium,0.3751175043335984,630,C
High,Stable,165.88,1.57,1.23797,18,No,Small,0.433354777430673,508,C
High,Unknown,198.53,1.05,2.48581,6,No,Medium,0.41107070591569805,551,C
High,Unknown,144.62,2.37,8.83353,25,Yes,Small,0.6098094018398695,121,A
Low,Stable,162.17,4.93,3.8193,4,Yes,Large,0.5208367681919778,304,B
Normal,Increasing,67.11,4.55,2.66501,20,No,Small,0.5181941845784287,313,B
Normal,Stable,135.91,1.02,5.3212,11,Yes,Large,0.4861396464121057,396,C
Normal,Unknown,28.29,2.36,3.34382,25,Yes,Small,0.4287977288602804,515,C
High,Decreasing,94.66,1.72,5.90184,7,No,Small,0.4402732023243674,492,C
High,Stable,169.01,3.15,8.81069,14,Yes,Medium,0.6399778355378898,74,A
High,Decreasing,195.67,1.13,4.70504,13,Yes,Medium,0.469128570545219,433,C
Normal,Unknown,91.67,1.63,6.80972,18,Yes,Large,0.563960732745778,189,B
Low,Stable,146.23,4.67,1.62325,26,No,Small,0.5202064068005696,307,B
Low,Stable,188.06,2.44,9.30838,16,Yes,Small,0.5404755360001822,247,B
Low,Unknown,38.11,0.71,9.94174,23,No,Medium,0.5461125060821517,234,B
Low,Ending,89.56,0.02,9.4424,6,No,Medium,0.4461888805025018,472,C
Low,Stable,175.75,4.15,0.60083,14,No,Small,0.44186293481139083,489,C
Normal,Stable,78.01,3.36,6.37165,16,No,Small,0.5401911702066872,248,B
Normal,Ending,92.49,1.12,6.19545,19,No,Small,0.4637855160403392,444,C
High,Stable,81.32,0.17,6.572,5,No,Large,0.4895456363973524,386,C
Low,Stable,173.7,2.97,5.32732,10,Yes,Small,0.4355854832394445,506,C
Normal,Stable,96.17,2.8,0.73328,11,Yes,Medium,0.37557052279174435,629,C
Low,Decreasing,164.88,2.52,9.08516,30,No,Medium,0.6668594991895329,53,A
Normal,Decreasing,49.86,4.46,2.02843,11,No,Large,0.5282704534557016,275,B
Low,Unknown,84.5,3.17,6.3375,1,No,Small,0.4140676346248476,547,C
High,Increasing,167.79,4.57,2.97321,0,Yes,Small,0.45533393194356325,462,C
Normal,Decreasing,176.62,2.17,8.18137,2,No,Small,0.4876299405064433,391,C
High,Ending,169.2,4.19,1.69989,6,Yes,Small,0.42809281012845546,518,C
Normal,Stable,191.38,3.04,7.17897,22,Yes,Large,0.706546772763746,26,A
Low,Decreasing,106.23,0.16,6.69933,20,Yes,Small,0.4001310223767972,582,C
Low,Ending,123.94,1.87,2.5614,26,No,Small,0.43732496982496455,498,C
Normal,Ending,5.46,3.77,0.77248,7,Yes,Large,0.4079472266694485,562,C
Normal,Stable,8.46,3.53,2.04017,30,No,Large,0.5822341525187257,165,B
High,Decreasing,10.99,0.35,6.89133,26,No,Medium,0.5306701452016307,269,B
Normal,Increasing,20.44,1.71,5.2045,29,No,Small,0.5105344986698696,332,B
High,Ending,167.37,4.28,7.46895,26,No,Medium,0.7569119599282947,7,A
Normal,Decreasing,11.28,1.38,8.58693,6,Yes,Large,0.4943148781362062,379,C
Normal,Increasing,135.26,2.57,0.97357,26,Yes,Large,0.5286404027658581,274,B
Normal,Unknown,100.39,3.7,7.4937,3,Yes,Medium,0.5132059219378012,323,B
Normal,Increasing,28.7,3.6,1.48492,12,Yes,Medium,0.404234285673359,570,C
Low,Unknown,179.2,0.95,7.04458,19,No,Large,0.5809115472341327,169,B
Normal,Stable,161.36,3.3,5.11555,15,No,Small,0.533003944482322,263,B
High,Stable,65.47,3.15,9.52284,24,No,Large,0.7671466377198981,5,A
Low,Ending,34.9,0.32,7.71149,12,Yes,Small,0.36560967234779135,637,C
High,Decreasing,7.52,4.91,5.94289,22,Yes,Small,0.5738142911402021,174,B
High,Unknown,38.5,1.01,7.896,3,Yes,Small,0.40792853476029894,563,C
High,Unknown,31.77,3.37,5.57912,23,No,Medium,0.6170738990860856,107,A
Low,Ending,7.39,1.4,5.42275,11,No,Large,0.44729200315420603,469,C
Normal,Ending,6.24,2.16,2.54622,6,Yes,Small,0.24964382689179124,688,C
Low,Decreasing,87.74,4.46,1.84345,4,No,Small,0.3850025399509532,611,C
Low,Increasing,181.47,4.37,4.2418,14,No,Large,0.6131451160432541,116,A
Low,Stable,181.49,0.78,1.63491,22,Yes,Small,0.34421632070229985,655,C
Low,Stable,57.11,0.77,8.33995,14,No,Large,0.5322476763390354,264,B
Low,Decreasing,27.81,3.14,1.9333,28,No,Large,0.5317876735651156,267,B
Low,Decreasing,53.98,4.2,0.27862,1,No,Medium,0.3552795018292306,645,C
High,Increasing,161.94,3.79,9.54756,15,No,Large,0.7823273927006958,2,A
High,Increasing,10.84,3.78,8.5907,25,No,Small,0.6386288375491453,77,A
High,Decreasing,95.88,4.78,9.48138,11,Yes,Medium,0.6475423770240483,66,A
High,Unknown,156.65,2.53,6.84318,1,Yes,Large,0.535654194514252,257,B
Normal,Increasing,44.72,2.77,2.06684,17,Yes,Small,0.38009157973122376,621,C
High,Stable,100.46,4.49,2.15518,8,Yes,Small,0.4444694805385707,477,C
Low,Ending,42.74,1.35,7.46779,9,No,Medium,0.4369252256703993,501,C
Low,Decreasing,41.55,1.49,0.29378,3,No,Medium,0.23119326105903446,690,C
Low,Increasing,7.42,4.88,6.35446,0,Yes,Large,0.506907731245559,338,B
Normal,Unknown,137.29,3.9,9.93495,0,No,Large,0.6299406688709354,88,A
High,Ending,181.4,3.01,9.28548,10,No,Large,0.7000054595975165,28,A
Normal,Unknown,2.71,3.83,2.77393,30,No,Large,0.6044727653954525,132,A
Low,Ending,150.57,3.4,5.42503,26,Yes,Small,0.5189934036394042,311,B
High,Stable,37.5,2.0,7.34639,8,Yes,Medium,0.48438770450488633,400,C
High,Increasing,109.34,0.5,4.5429,16,No,Medium,0.47788491524531684,411,C
Low,Ending,61.18,4.36,6.22966,17,Yes,Large,0.5819835456848044,166,B
Low,Decreasing,7.43,2.2,7.37774,2,No,Large,0.4753176849689635,419,C
High,Unknown,174.24,1.92,4.47069,15,Yes,Small,0.4567030913845046,460,C
High,Decreasing,173.16,4.5,9.46296,26,No,Small,0.7105783401452018,23,A
Low,Unknown,37.07,4.3,7.25262,18,Yes,Large,0.6150336680641298,112,A
Normal,Stable,174.12,3.39,6.30754,19,Yes,Large,0.6670114177649457,52,A
Low,Ending,190.02,2.15,5.1515,30,No,Small,0.5347091173513504,260,B
Low,Unknown,100.4,1.69,9.38667,4,No,Medium,0.49476667684508585,377,C
Normal,Decreasing,26.07,2.52,9.06417,16,Yes,Small,0.5097866847503002,334,B
Low,Stable,98.48,1.93,1.73004,15,Yes,Medium,0.34365218817450016,656,C
Low,Increasing,44.97,4.77,7.3962,28,No,Large,0.7366123012255277,11,A
Low,Increasing,194.98,4.16,2.25157,19,No,Large,0.5866740782611325,157,B
High,Increasing,55.55,1.53,0.19091,16,No,Small,0.37739186308942346,625,C
Normal,Unknown,119.23,2.13,7.51031,0,No,Small,0.44361736516274836,483,C
High,Decreasing,136.43,0.13,9.76868,27,Yes,Small,0.5526681829490228,210,B
High,Decreasing,33.49,4.78,2.93395,21,No,Medium,0.583640594405097,164,B
High,Unknown,41.16,3.34,2.03027,20,No,Medium,0.5109843998462805,331,B
Low,Decreasing,112.07,3.49,6.05637,25,Yes,Small,0.5260931376592083,288,B
High,Ending,143.27,1.42,9.25398,23,Yes,Small,0.5653074665120501,186,B
Low,Unknown,96.67,2.97,2.6122,14,Yes,Large,0.46136984959520094,448,C
Low,Ending,61.87,0.62,7.95819,0,Yes,Large,0.4229868196977581,530,C
Low,Stable,4.44,4.48,5.23112,24,Yes,Small,0.505212618927272,344,B
Normal,Stable,163.14,4.6,0.51414,16,No,Large,0.5596538310034872,193,B
Low,Increasing,155.35,1.88,4.3961,0,Yes,Small,0.3196802026734257,669,C
Low,Increasing,148.57,0.96,2.22301,23,No,Large,0.49458840366721274,378,C
High,Increasing,144.53,2.67,4.59455,17,Yes,Small,0.49639027303984024,367,C
Low,Unknown,11.26,3.98,0.52918,4,Yes,Small,0.28198153124893105,681,C
High,Increasing,143.12,4.93,1.29321,4,Yes,Small,0.44791492645536535,468,C
High,Decreasing,122.53,0.38,0.26789,29,No,Small,0.4305933356181093,512,C
Normal,Increasing,136.59,1.18,6.79359,20,Yes,Large,0.5847924309997281,162,B
Normal,Increasing,80.32,3.95,4.47009,14,No,Large,0.6138129349069149,114,A
Normal,Stable,172.48,3.36,2.93717,9,No,Medium,0.4977831058520229,363,C
Low,Ending,36.29,0.42,8.4921,19,No,Large,0.5266378388910532,283,B
Normal,Decreasing,163.8,1.54,9.91163,29,No,Medium,0.6799014926092258,41,A
Low,Stable,25.16,1.28,0.84222,11,Yes,Small,0.19294256790758152,700,C
High,Unknown,193.92,2.84,4.99967,4,Yes,Large,0.5373375597188239,255,B
Normal,Increasing,188.19,2.89,1.72627,28,Yes,Small,0.4958246564427532,371,C
Normal,Decreasing,50.93,2.32,5.73449,21,No,Large,0.6007935338676421,139,A
Normal,Ending,103.51,3.27,3.41631,16,No,Small,0.46183027702765,446,C
Low,Decreasing,144.11,0.8,1.09693,30,No,Medium,0.4501436644716266,466,C
Low,Decreasing,47.01,1.61,9.52837,18,No,Large,0.5899993910725498,155,B
High,Unknown,57.39,3.1,3.2406,18,No,Medium,0.5262233041795571,286,B
High,Stable,19.09,3.02,8.97264,26,Yes,Medium,0.6565959471729762,60,A
Normal,Increasing,107.81,2.35,0.69387,9,Yes,Large,0.42164876320522265,532,C
Low,Decreasing,93.84,3.8,9.4313,2,No,Medium,0.5468977194883742,229,B
High,Stable,185.06,1.74,3.87988,24,No,Large,0.6250061299382869,97,A
Normal,Stable,102.29,0.7,2.12738,3,Yes,Small,0.23693223616505282,689,C
Low,Decreasing,188.36,2.61,0.63082,21,Yes,Large,0.47765210178405204,416,C
Normal,Stable,122.19,2.68,2.30367,8,Yes,Medium,0.3943844448605726,593,C
High,Increasing,92.97,4.62,0.64896,0,Yes,Small,0.4012742625736919,579,C
High,Decreasing,133.5,3.74,6.58972,18,No,Large,0.727044673026061,14,A
Normal,Decreasing,87.73,4.47,3.97194,13,No,Small,0.5032603920448511,351,C
High,Increasing,190.35,2.16,9.72874,9,No,Large,0.6820090448932719,40,A
Normal,Ending,115.1,4.33,7.86767,25,No,Medium,0.7149087226937136,20,A
High,Stable,153.88,3.73,3.21777,2,No,Medium,0.4934807320277545,381,C
Normal,Unknown,73.55,0.05,2.79975,3,Yes,Medium,0.2592172604408243,685,C
Normal,Ending,17.96,3.68,4.17985,25,No,Large,0.6118001210105491,118,A
High,Stable,132.34,0.62,6.01642,21,No,Small,0.5046901883214914,345,B
Low,Ending,137.74,1.04,7.90153,1,Yes,Medium,0.40305630768524314,573,C
Normal,Ending,81.99,3.89,6.16387,1,Yes,Large,0.5126969349566997,325,B
High,Ending,65.94,2.65,2.33588,2,Yes,Large,0.4188462774749274,542,C
Low,Unknown,72.54,0.8,1.90781,11,No,Medium,0.3051175398859176,673,C
High,Ending,144.96,4.67,7.90513,14,Yes,Large,0.6968081547528687,31,A
Low,Ending,144.91,1.5,1.01505,6,No,Large,0.3813695639284693,618,C
Normal,Decreasing,172.51,4.76,8.17151,14,Yes,Large,0.6936766507461134,33,A
Normal,Stable,184.98,3.7,4.15651,15,No,Small,0.5320325596364307,266,B
High,Ending,114.86,2.31,3.36894,8,No,Medium,0.4452415538946757,474,C
Normal,Decreasing,56.54,3.78,7.44126,15,No,Small,0.5584583880109357,196,B
Normal,Stable,75.56,1.72,9.38071,5,Yes,Large,0.5380736309631068,253,B
Normal,Increasing,38.98,3.63,7.03323,23,No,Large,0.7109042995668116,22,A
Low,Stable,49.98,1.67,5.95906,21,No,Medium,0.4995803121339607,358,C
Normal,Decreasing,34.88,3.43,9.19923,4,Yes,Large,0.5636614574613149,190,B
Normal,Ending,199.17,3.69,5.46216,5,No,Medium,0.5397030876928033,249,B
Low,Ending,8.11,3.74,2.30984,21,Yes,Small,0.3850092987632576,610,C
Low,Stable,122.02,3.13,0.93474,21,Yes,Large,0.48357959211450885,402,C
Normal,Decreasing,176.42,4.74,8.19862,20,Yes,Large,0.7461493981328897,10,A
High,Decreasing,138.65,4.01,1.60036,27,Yes,Small,0.5168282183024622,317,B
Low,Ending,87.83,3.22,7.5675,14,No,Small,0.5054934607597092,343,B
Normal,Decreasing,117.07,0.25,5.03572,25,No,Small,0.4627420650863058,445,C
High,Unknown,87.42,1.34,2.21036,13,Yes,Medium,0.3802331835321392,620,C
High,Increasing,190.74,0.04,6.64508,6,No,Small,0.4428687659050251,487,C
Low,Stable,154.64,1.68,0.80754,6,No,Large,0.39753986766973676,588,C
High,Ending,165.65,4.98,3.6241,3,No,Small,0.49849815061764097,362,C
Low,Ending,113.36,0.54,3.0058,14,Yes,Small,0.26211418901491584,684,C
Normal,Ending,92.18,1.89,4.30777,5,No,Small,0.35192308618998225,647,C
High,Ending,162.53,0.41,8.81177,19,No,Medium,0.5866334712843067,158,B
Normal,Decreasing,24.89,3.08,7.89391,22,Yes,Medium,0.5911282276625399,153,B
Normal,Unknown,150.34,3.09,4.76489,10,No,Medium,0.5270217763268166,282,B
Low,Unknown,53.4,1.38,7.98476,6,Yes,Medium,0.41711927553589245,543,C
Normal,Stable,64.07,4.56,3.3106,13,Yes,Large,0.5494584832381051,222,B
Low,Increasing,58.77,0.34,7.90999,5,Yes,Medium,0.3911343764025274,600,C
Normal,Increasing,9.82,3.4,7.66065,23,No,Medium,0.6460530674572303,67,A
Low,Unknown,20.62,3.68,9.16876,17,Yes,Medium,0.5700647069398374,181,B
High,Decreasing,154.4,0.43,5.97502,8,Yes,Small,0.39401330626755504,595,C
High,Increasing,182.92,1.12,8.22008,27,Yes,Large,0.6898209291788698,34,A
Low,Increasing,145.85,4.83,2.12476,7,No,Small,0.44920423513549096,467,C
High,Ending,85.36,4.83,0.52235,6,Yes,Small,0.4036820973384977,572,C
Low,Ending,129.47,0.82,8.48152,4,No,Large,0.4964118029704244,366,C
Low,Increasing,32.67,3.78,8.68476,25,No,Large,0.7074178770017747,25,A
Low,Decreasing,152.39,0.58,7.06358,9,No,Large,0.5005846659943652,356,C
Normal,Decreasing,52.86,3.0,3.43045,21,No,Small,0.472723806538058,427,C
High,Ending,159.3,0.52,0.66788,4,Yes,Small,0.25012668935051147,687,C
Normal,Increasing,107.69,4.78,0.87872,4,Yes,Small,0.404411856124003,569,C
Normal,Increasing,11.83,1.78,2.19053,15,Yes,Medium,0.35861434914481427,643,C
Normal,Stable,21.06,1.1,0.28555,26,No,Medium,0.42054841742367083,536,C
Normal,Ending,86.29,3.74,1.45283,21,Yes,Large,0.5176014038813939,314,B
High,Stable,159.12,0.12,1.87693,16,No,Large,0.4745397333821223,422,C
Normal,Increasing,188.99,4.78,1.07768,10,No,Large,0.5577252256713395,198,B
Normal,Stable,97.85,2.38,7.54765,3,Yes,Large,0.5220695425918738,297,B
Normal,Increasing,183.98,3.77,1.46158,3,Yes,Large,0.4778561226651371,412,C
Low,Decreasing,23.51,0.81,0.41281,28,No,Large,0.4450168180289015,475,C
Normal,Ending,80.21,1.99,3.45142,4,Yes,Medium,0.331941216647798,663,C
Low,Increasing,186.27,3.15,9.02029,3,No,Small,0.5233031735192462,294,B
Low,Decreasing,138.65,0.5,8.77377,15,No,Medium,0.5124435755290294,326,B
Normal,Unknown,77.5,2.37,9.45473,7,No,Small,0.5156637517570967,318,B
Low,Decreasing,22.73,4.27,7.96384,25,No,Medium,0.6428081178771726,68,A
Normal,Ending,179.08,4.63,8.82232,24,No,Small,0.6719514782003257,47,A
High,Decreasing,175.21,0.25,5.18442,2,No,Large,0.4713083297420487,428,C
Normal,Unknown,145.5,3.86,9.21114,14,No,Small,0.6168154281846213,108,A
Low,Ending,171.14,4.37,3.80805,1,No,Large,0.5101211903320791,333,B
Normal,Stable,183.13,4.01,8.10648,0,No,Medium,0.5811623390839008,168,B
Normal,Ending,93.39,2.84,3.14992,26,No,Small,0.49579758613367436,372,C
Low,Decreasing,17.59,4.23,0.37885,17,Yes,Small,0.35914190180018285,641,C
Normal,Decreasing,158.65,3.25,0.5944,0,No,Large,0.4435994582823581,484,C
Normal,Stable,166.27,3.31,7.58482,8,No,Medium,0.6016320955731203,138,A
High,Ending,19.01,2.87,3.06402,4,No,Large,0.46103252757888835,450,C
High,Unknown,73.99,0.23,9.53637,17,No,Small,0.517594035536761,315,B
Low,Unknown,109.67,3.13,8.72743,7,No,Medium,0.549865824839681,220,B
Low,Ending,160.92,4.13,5.60055,11,No,Large,0.5909969991039513,154,B
Normal,Ending,20.06,3.57,5.66104,6,No,Large,0.5345223627829443,261,B
Low,Unknown,50.52,2.3,4.13286,12,No,Medium,0.4125837418708565,548,C
Normal,Increasing,44.26,4.37,9.67809,25,No,Medium,0.7476980466497456,9,A
Normal,Increasing,195.85,0.84,8.17654,18,No,Medium,0.5991816180290416,141,B
Normal,Ending,166.08,0.65,9.44729,23,No,Medium,0.6057494204593563,126,A
High,Increasing,30.43,3.5,5.98282,0,No,Small,0.45702149661331604,458,C
High,Unknown,5.8,0.51,2.47076,29,Yes,Medium,0.4370873327417499,499,C
Low,Stable,176.51,4.09,2.42351,15,Yes,Large,0.5298378494299365,272,B
Low,Increasing,92.8,1.73,4.25495,14,No,Medium,0.43302405682186723,509,C
Normal,Stable,46.37,1.18,9.87218,3,No,Medium,0.49876390534963766,360,C
Low,Decreasing,161.19,3.83,0.75709,27,No,Medium,0.5202701183981598,306,B
Normal,Ending,9.93,4.74,5.51861,10,No,Small,0.4939906163579991,380,C
Low,Decreasing,15.68,0.96,8.99811,18,Yes,Large,0.521004970791761,303,B
Normal,Stable,53.79,3.75,0.40782,17,No,Small,0.4245601136387969,526,C
Low,Decreasing,146.04,4.03,0.79701,26,No,Small,0.4846766183681085,398,C
Low,Ending,66.09,4.64,2.52791,18,No,Large,0.5461723870132444,233,B
Low,Unknown,158.74,0.61,3.32501,16,Yes,Large,0.4277051292775738,520,C
Normal,Unknown,16.74,3.81,2.9515,9,Yes,Medium,0.4107776572656746,552,C
Normal,Stable,118.78,1.66,4.07314,4,No,Large,0.4682315753063254,436,C
Low,Unknown,1.07,1.43,6.37884,30,Yes,Medium,0.49628956995516343,368,C
High,Increasing,119.74,2.95,9.29265,13,No,Large,0.7111190762027843,21,A
High,Decreasing,93.17,0.52,1.68733,12,Yes,Medium,0.3368378185449227,660,C
High,Increasing,104.08,3.79,2.80431,2,No,Medium,0.47365067104666086,423,C
Low,Stable,167.26,4.52,0.6131,28,Yes,Medium,0.5211491555724251,302,B
Normal,Increasing,127.29,4.62,9.24781,16,No,Medium,0.7241717679357209,16,A
Low,Stable,35.92,1.74,4.7971,7,Yes,Large,0.4123263874590125,549,C
High,Decreasing,38.7,4.58,5.34216,24,No,Medium,0.6639448683428126,55,A
High,Ending,159.68,1.64,7.65685,28,Yes,Small,0.5751355613144893,173,B
High,Stable,133.73,2.46,3.70364,16,No,Medium,0.5355200777376824,258,B
Normal,Decreasing,199.02,3.1,5.01072,18,Yes,Small,0.5130607099072151,324,B
High,Increasing,147.58,1.19,8.95234,16,Yes,Large,0.6229872006838197,101,A
Low,Unknown,19.57,3.22,0.79693,2,No,Medium,0.3037766467173398,674,C
Low,Decreasing,15.55,4.15,7.41318,27,Yes,Medium,0.6061693300694715,124,A
High,Stable,106.24,4.76,5.09023,2,No,Medium,0.5514538062142824,215,B
Low,Increasing,99.93,1.53,4.44896,8,No,Small,0.34919086178769054,651,C
High,Increasing,44.08,0.14,4.89634,15,Yes,Medium,0.415011970818082,544,C
High,Ending,125.93,1.74,7.23543,10,Yes,Large,0.5521745990537256,212,B
Normal,Ending,147.52,2.69,2.69933,10,Yes,Large,0.47000086860358803,432,C
Low,Stable,11.77,0.78,4.55553,29,No,Small,0.4411265476282146,490,C
High,Ending,164.52,1.53,6.24296,17,No,Medium,0.568432807555434,182,B
Low,Stable,153.86,0.25,2.63181,5,Yes,Small,0.20313378927776918,697,C
Low,Increasing,10.21,3.46,6.41614,28,No,Medium,0.6043428876452771,133,A
High,Unknown,4.11,1.47,1.96045,12,No,Medium,0.38364425810709,615,C
Low,Increasing,116.13,0.59,0.31541,7,Yes,Medium,0.22355707148291828,692,C
Low,Ending,66.52,3.57,8.1917,24,Yes,Large,0.636806881319411,79,A
Normal,Ending,70.23,4.48,0.83546,26,No,Large,0.5704797935633753,180,B
Low,Stable,182.78,0.86,6.94459,22,Yes,Medium,0.5136094337210828,321,B
Normal,Increasing,162.94,1.25,8.73282,22,No,Small,0.5786901222252462,171,B
High,Unknown,14.11,3.5,3.85671,23,No,Large,0.6174962015483244,105,A
Low,Stable,11.35,4.38,1.41614,29,No,Medium,0.5203394571519993,305,B
High,Stable,71.99,1.74,2.13704,8,No,Large,0.459960655418935,452,C
Low,Unknown,23.2,3.59,2.04539,23,Yes,Large,0.49482771558092453,376,C
Low,Decreasing,168.65,0.54,8.53507,19,No,Large,0.5859333875723161,160,B
Low,Increasing,4.68,0.27,8.47954,15,Yes,Small,0.4051470318326345,567,C
High,Ending,146.76,1.21,8.37884,2,Yes,Large,0.5182013125885493,312,B
Low,Stable,121.18,1.33,5.18279,29,No,Large,0.5838325173945014,163,B
Low,Increasing,51.46,2.79,2.77048,17,Yes,Large,0.4666621567891194,439,C
Low,Stable,27.38,4.8,7.93365,22,Yes,Large,0.6745456655166043,45,A
Normal,Stable,31.03,4.24,9.95616,11,Yes,Large,0.650272938529811,63,A
Low,Decreasing,184.39,4.83,1.41789,3,Yes,Medium,0.4344348749837391,507,C
High,Decreasing,129.7,3.1,3.06494,17,Yes,Small,0.46140953337231666,447,C
Normal,Decreasing,105.57,0.99,8.77606,24,Yes,Medium,0.5673329086406859,184,B
Low,Decreasing,75.35,2.77,4.91359,24,Yes,Large,0.5538159799180857,208,B
High,Ending,122.21,2.83,6.19576,24,Yes,Small,0.5523883258047778,211,B
Low,Increasing,111.17,3.27,4.17881,29,Yes,Large,0.6058603916368538,125,A
Normal,Ending,130.21,1.44,0.80596,19,No,Large,0.4665287834456849,440,C
High,Stable,183.58,2.17,9.12967,22,Yes,Large,0.7243454685347143,15,A
Low,Ending,32.01,3.62,3.45528,16,No,Large,0.5137077553911624,319,B
Normal,Ending,117.13,1.13,6.6279,3,No,Medium,0.4279508787184766,519,C
High,Increasing,154.64,2.93,1.28592,5,Yes,Small,0.38788407068617614,605,C
Normal,Decreasing,98.96,3.37,0.88546,3,No,Medium,0.3854785467776807,607,C
High,Decreasing,107.06,4.24,3.08556,20,Yes,Medium,0.5554108773448306,205,B
Normal,Stable,28.94,4.18,6.89583,21,Yes,Medium,0.6167533076865819,109,A
Low,Unknown,31.72,1.78,0.75265,5,No,Large,0.35187872940699805,648,C
Normal,Ending,145.33,3.36,6.11076,20,No,Large,0.6778330062041471,42,A
Low,Ending,138.86,2.31,5.83442,12,No,Large,0.5373440492420641,254,B
High,Ending,15.29,1.74,0.5034,5,No,Large,0.385091604792876,609,C
Low,Stable,113.13,4.02,3.77921,25,Yes,Medium,0.5460675765985196,235,B
High,Decreasing,14.36,3.8,2.2453,2,Yes,Small,0.3556175659465379,644,C
Low,Unknown,151.81,0.21,0.22715,29,No,Medium,0.4203561170777301,537,C
Normal,Stable,163.67,3.42,2.92541,19,No,Large,0.6050851583236723,129,A
Low,Increasing,7.01,0.12,1.59722,4,No,Medium,0.22018789400982972,694,C
Low,Decreasing,29.44,3.56,2.48224,23,Yes,Large,0.5032680989205021,350,B
Normal,Ending,140.89,1.47,4.20572,0,No,Small,0.3254749176520424,668,C
High,Stable,21.32,3.43,9.21536,5,Yes,Medium,0.5466184617422637,231,B
Low,Increasing,36.3,1.77,8.86604,21,No,Small,0.5215033183533101,301,B
Normal,Decreasing,172.95,2.23,1.89848,26,No,Small,0.4849636299776009,397,C
High,Decreasing,7.49,4.58,7.39101,22,No,Medium,0.6975553872770998,30,A
High,Increasing,44.01,3.61,2.92948,18,No,Small,0.4960375714938489,369,C
Normal,Unknown,5.46,1.74,8.31372,14,Yes,Small,0.45364870063211843,463,C
Normal,Increasing,118.28,0.66,2.00531,13,Yes,Small,0.30118396487651744,676,C
Low,Ending,190.56,0.44,9.73988,29,No,Medium,0.5970570876974112,146,B
Normal,Decreasing,5.02,0.38,7.47576,14,Yes,Small,0.3952867574761611,591,C
Normal,Ending,164.95,2.21,2.25828,12,No,Small,0.394333680644443,594,C
Low,Ending,148.19,4.72,7.21921,3,No,Large,0.5862179075975583,159,B
High,Decreasing,165.27,4.13,8.77472,19,Yes,Medium,0.7023105194795088,27,A
Low,Stable,96.67,1.94,5.0947,17,No,Small,0.43779462776638683,496,C
High,Ending,89.6,0.58,6.66415,8,Yes,Large,0.47769986169817574,415,C
Low,Stable,124.67,2.13,5.4138,15,No,Small,0.45026739509193997,465,C
Normal,Ending,63.64,3.29,1.71793,13,Yes,Large,0.45699560148383717,459,C
High,Decreasing,97.49,2.78,0.17807,9,No,Small,0.3761621958726514,627,C
Normal,Decreasing,107.03,4.73,7.38903,28,Yes,Small,0.6376848309491339,78,A
Low,Ending,77.02,2.64,3.33709,10,Yes,Small,0.3184069545519587,670,C
Normal,Unknown,64.19,4.27,5.15329,7,Yes,Large,0.542013708636584,241,B
Low,Unknown,6.11,1.02,7.36462,6,No,Medium,0.40527611274734293,566,C
Low,Decreasing,106.0,2.79,3.41259,14,No,Small,0.40895367687283835,556,C
Low,Decreasing,153.09,1.98,1.53718,3,Yes,Large,0.37557562834686714,628,C
High,Stable,88.73,0.37,2.21873,28,No,Medium,0.4821272942313891,405,C
High,Decreasing,41.52,3.42,5.25209,12,No,Large,0.5983173868948858,143,B
Normal,Increasing,65.44,4.11,8.66848,24,No,Small,0.6493232914428014,64,A
Normal,Unknown,16.94,3.83,8.50334,7,No,Small,0.5242685804922216,292,B
Low,Decreasing,85.59,4.95,9.09235,9,Yes,Small,0.5357519086705848,256,B
High,Decreasing,116.4,2.13,7.4984,9,Yes,Small,0.478012264694005,410,C
Normal,Increasing,22.64,3.34,1.73596,14,No,Large,0.5018399985267659,354,C
High,Stable,28.38,2.04,8.484,30,No,Small,0.5978083643735196,145,B
Normal,Increasing,7.61,1.0,2.20035,16,No,Large,0.4436592990345478,481,C
Low,Decreasing,101.37,0.29,7.61579,0,Yes,Small,0.33681953169015155,661,C
Low,Decreasing,13.96,3.04,7.82282,30,Yes,Small,0.5395666089867994,250,B
Normal,Ending,131.63,0.73,8.63748,19,Yes,Medium,0.5280191150125786,276,B
High,Decreasing,147.3,0.55,8.20871,2,No,Medium,0.4864454510760833,395,C
Low,Unknown,68.1,3.42,0.75992,18,Yes,Small,0.3590135791556408,642,C
High,Ending,181.64,0.74,5.63767,19,Yes,Large,0.556263307510469,204,B
Low,Stable,192.63,4.53,0.25138,10,Yes,Large,0.4838909359233691,401,C
Low,Increasing,191.93,0.34,0.7508,7,Yes,Large,0.3459353133231117,652,C
High,Stable,172.91,0.64,7.34745,3,Yes,Large,0.5073801990123595,336,B
High,Decreasing,195.2,3.1,6.55514,16,No,Medium,0.6549921149780593,61,A
Low,Unknown,69.33,3.08,1.93631,29,Yes,Medium,0.47320256975333813,425,C
Low,Increasing,92.47,2.96,3.33147,0,No,Large,0.44046430191780345,491,C
Low,Stable,125.86,2.94,0.74025,9,No,Large,0.44439514177375367,478,C
High,Stable,69.38,3.27,4.14026,2,Yes,Medium,0.43621451437923897,503,C
Normal,Ending,38.29,3.63,5.273,0,Yes,Small,0.3774560914627329,624,C
Low,Increasing,47.6,1.68,1.0271,10,No,Large,0.39020769219379675,601,C
Low,Increasing,155.67,1.0,9.29238,11,Yes,Small,0.4642524074852502,443,C
Normal,Stable,194.2,0.32,8.83453,6,Yes,Medium,0.48229228718932765,404,C
High,Ending,158.61,1.51,5.7559,5,Yes,Large,0.4951494181277448,375,C
Normal,Decreasing,192.37,2.96,6.81927,27,Yes,Medium,0.6631773870581934,57,A
Low,Decreasing,51.13,0.92,6.47739,2,No,Small,0.33130415720135287,664,C
Low,Unknown,185.62,2.72,7.12937,6,Yes,Medium,0.48740833649510734,393,C
Low,Decreasing,160.1,2.38,7.84277,28,Yes,Small,0.5572713164915324,202,B
High,Stable,169.66,4.05,0.73252,28,No,Medium,0.578895696906491,170,B
Normal,Unknown,79.39,2.18,3.48323,2,No,Large,0.4441705151308619,480,C
Low,Unknown,102.88,0.17,8.27281,11,No,Small,0.42439423575769036,528,C
High,Increasing,187.99,1.52,2.54347,19,No,Small,0.47326704968939026,424,C
Normal,Unknown,140.64,4.3,2.8221,26,No,Medium,0.6032359031888695,134,A
Low,Unknown,75.56,2.06,2.77955,19,No,Small,0.39222069062570797,599,C
Normal,Ending,117.83,4.16,8.96694,10,No,Large,0.6846376668920219,37,A
Low,Decreasing,81.03,1.69,5.13305,27,No,Medium,0.5200014719633302,309,B
Low,Unknown,125.67,2.62,1.00673,8,Yes,Small,0.2937236736088625,679,C
High,Decreasing,77.5,4.94,2.84801,27,No,Large,0.6673264949061877,51,A
Normal,Unknown,29.82,3.65,1.60388,0,Yes,Large,0.4082956863092803,561,C
Low,Unknown,90.02,4.85,2.34392,7,Yes,Large,0.48178859967867727,406,C
High,Increasing,79.98,1.6,3.71391,28,Yes,Medium,0.5216553589820447,299,B
Normal,Decreasing,131.15,0.61,5.79201,19,No,Medium,0.5020984024607851,353,C
Low,Ending,47.85,2.05,5.33575,21,No,Small,0.44336664259423086,485,C
Low,Stable,125.52,4.81,5.49009,8,No,Medium,0.5517345503141796,214,B
Low,Stable,27.38,3.15,1.56448,10,No,Small,0.3305879011879062,665,C
Normal,Unknown,193.24,2.3,6.41776,18,No,Medium,0.6113825458200228,120,A
Low,Decreasing,148.83,2.35,0.87734,3,No,Small,0.2938452471045571,678,C
Low,Ending,121.0,0.13,1.49819,22,No,Large,0.43097821236538125,510,C
High,Unknown,77.92,4.5,8.57522,11,Yes,Medium,0.623544261798243,100,A
Normal,Stable,109.3,3.22,8.41414,23,Yes,Medium,0.6583858718642989,58,A
High,Increasing,147.51,3.45,5.27958,8,No,Large,0.6188968719140165,103,A
Normal,Unknown,94.97,2.42,3.71715,7,Yes,Small,0.3526853290771554,646,C
Normal,Stable,185.42,2.0,6.82473,23,Yes,Small,0.5466786469624016,230,B
Low,Unknown,199.49,4.18,2.88666,17,Yes,Medium,0.5097092127432201,335,B
Low,Increasing,143.04,2.42,6.31954,2,Yes,Large,0.4833210509304314,403,C
Normal,Stable,129.09,0.07,8.10856,1,No,Small,0.4085336682755379,559,C
Low,Ending,179.89,1.76,2.19631,12,No,Large,0.45358726625244855,464,C
Normal,Increasing,19.8,2.56,3.47452,5,No,Large,0.46112011307634543,449,C
Low,Unknown,173.87,4.03,7.80006,13,No,Large,0.6652924525009198,54,A
High,Stable,197.31,0.08,9.25177,0,No,Medium,0.5046184163884408,347,B
High,Stable,55.46,1.54,6.8335,23,No,Large,0.6277141829986659,95,A
Low,Unknown,90.39,3.1,7.89294,25,No,Large,0.6747547677595435,44,A
High,Unknown,1.36,4.5,7.08987,5,Yes,Medium,0.5303747655880969,270,B
High,Increasing,83.93,1.84,2.77332,26,Yes,Large,0.5473211043847258,227,B
Low,Unknown,126.8,3.47,1.37224,14,No,Large,0.4955844490058725,373,C
Normal,Stable,109.33,4.58,1.01835,0,No,Large,0.48108598011285086,407,C
Normal,Unknown,120.08,2.64,4.7091,29,No,Large,0.6538564721719122,62,A
Low,Decreasing,150.19,0.8,2.69329,19,Yes,Medium,0.3637968126831769,640,C
Normal,Increasing,174.69,1.99,8.77178,21,No,Large,0.7233078438121457,17,A
Normal,Stable,31.65,2.88,4.65657,8,No,Large,0.5173766734002047,316,B
Normal,Unknown,95.54,1.07,4.77299,22,No,Small,0.4596736638299113,453,C
Normal,Decreasing,135.82,4.72,2.31071,24,Yes,Medium,0.5602459563201845,192,B
Low,Decreasing,77.64,0.07,1.23745,28,Yes,Medium,0.3641718309926168,638,C
High,Decreasing,192.94,0.36,2.40716,19,Yes,Large,0.4808141464733263,408,C
Normal,Ending,143.26,4.51,4.97136,11,No,Small,0.525775783484266,289,B
Low,Decreasing,84.28,0.4,0.88035,15,No,Large,0.3848765919815905,612,C
Low,Stable,20.05,1.68,9.40873,15,No,Medium,0.5301658562631492,271,B
High,Increasing,157.46,0.26,7.83352,4,No,Large,0.5390168983614272,251,B
Normal,Ending,169.3,2.63,5.50512,1,Yes,Small,0.39963252263242754,583,C
High,Stable,63.06,4.85,0.98096,11,Yes,Medium,0.470966417174834,429,C
Low,Ending,9.39,0.24,7.41535,15,No,Medium,0.42919522794035253,513,C
High,Stable,4.48,2.5,8.75657,11,No,Small,0.5266135270180973,284,B
High,Ending,64.89,2.08,1.46695,24,Yes,Small,0.40266011701825505,574,C
Low,Unknown,76.63,4.78,1.33034,13,Yes,Small,0.40127487833837955,578,C
Normal,Stable,148.79,0.36,7.54483,13,Yes,Small,0.43640126568026133,502,C
Low,Decreasing,105.37,4.59,2.63002,12,Yes,Medium,0.45642795668754427,461,C
Normal,Ending,99.23,2.97,5.13111,24,Yes,Medium,0.5518776081727592,213,B
Normal,Decreasing,90.7,4.48,9.43984,3,No,Small,0.5583624732891749,197,B
High,Stable,184.29,3.63,6.50818,16,Yes,Medium,0.6288734401916384,93,A
Low,Unknown,97.03,1.71,0.3523,3,No,Small,0.2256257855788725,691,C
Normal,Increasing,193.63,2.21,8.02659,30,No,Large,0.7682493410856763,4,A
High,Stable,147.18,4.77,9.55212,8,Yes,Medium,0.6410379633740514,71,A
Normal,Stable,86.43,3.22,0.25062,27,No,Medium,0.5037378703864074,349,B
High,Ending,189.27,2.06,7.10871,7,Yes,Large,0.5641479689345356,188,B
Normal,Decreasing,106.57,3.81,4.11511,3,Yes,Medium,0.44232139380912194,488,C
Normal,Stable,150.15,0.23,9.31529,25,Yes,Small,0.5322300819969714,265,B
Low,Increasing,76.58,4.75,0.59711,14,Yes,Small,0.4004139487439927,580,C
High,Ending,49.24,1.09,5.81083,12,No,Small,0.4207728536812189,535,C
High,Decreasing,124.44,4.05,0.72904,5,No,Large,0.5008483775183552,355,C
High,Decreasing,41.03,3.79,8.35066,30,Yes,Medium,0.7085193828311521,24,A
High,Unknown,77.08,2.74,2.2893,13,Yes,Large,0.4875882263689176,392,C
Normal,Decreasing,101.25,3.44,5.16774,1,No,Large,0.5255475226167013,290,B
Low,Decreasing,78.62,1.64,7.67917,26,Yes,Small,0.4931422367692709,383,C
High,Unknown,145.39,3.0,1.71729,11,Yes,Small,0.40831479273192267,560,C
High,Increasing,154.48,0.08,2.01703,24,No,Small,0.43905410364686903,494,C
High,Decreasing,89.41,3.53,7.20014,12,No,Large,0.670358567338387,48,A
Normal,Decreasing,51.52,1.32,9.40223,23,Yes,Small,0.5216267410776099,300,B
High,Decreasing,128.14,4.93,8.54536,26,No,Large,0.8894956624341978,1,A
Normal,Stable,197.38,3.95,3.95628,25,No,Medium,0.6414069156639417,70,A
High,Increasing,106.74,0.15,3.49709,25,Yes,Small,0.42539779318353244,524,C
Normal,Unknown,77.77,2.28,2.56979,26,Yes,Medium,0.47470788773517153,421,C
Low,Stable,125.42,0.09,4.87048,25,Yes,Large,0.48869325315160755,388,C
Normal,Unknown,154.97,1.32,0.66787,3,No,Large,0.39464533742975505,592,C
High,Unknown,90.19,1.05,3.37791,9,No,Medium,0.4087147798325109,557,C
Normal,Ending,114.82,3.72,6.51157,13,Yes,Large,0.6004085395760234,140,A
Low,Decreasing,102.99,0.37,7.34351,19,Yes,Large,0.5042862714338341,348,B
Normal,Increasing,97.7,0.86,3.15226,16,No,Small,0.3879456001765496,604,C
Normal,Stable,11.12,3.63,2.05438,2,Yes,Large,0.419731584995724,539,C
Low,Stable,103.61,0.11,3.95997,21,No,Small,0.384056291235676,613,C
Normal,Stable,22.37,0.49,3.27952,6,Yes,Large,0.37016206146307945,634,C
Low,Unknown,8.06,2.55,4.78494,6,Yes,Small,0.308863317144138,672,C
Low,Increasing,162.68,2.17,6.94139,23,No,Small,0.5500897549452998,217,B
Low,Increasing,105.76,0.54,0.24309,30,No,Medium,0.42878655017513134,516,C
Normal,Unknown,141.04,2.83,2.853,0,Yes,Medium,0.3804027883679822,619,C
High,Ending,31.59,3.81,4.76064,19,No,Large,0.6328346575658205,82,A
Normal,Stable,159.35,2.57,7.31608,17,No,Medium,0.6291084871824495,91,A
High,Increasing,128.11,3.31,2.93268,9,No,Medium,0.5071867996912106,337,B
Low,Stable,190.77,0.19,1.47067,1,No,Small,0.20100271055805083,698,C
Low,Unknown,142.37,4.93,1.05068,26,No,Small,0.5124050715030519,327,B
High,Decreasing,55.27,0.38,2.98502,26,Yes,Small,0.40187861653371043,576,C
Low,Decreasing,153.74,3.67,3.42521,3,No,Small,0.4040619491531808,571,C
Normal,Stable,165.91,3.97,1.32443,5,No,Small,0.4266379030380619,521,C
Low,Decreasing,10.34,2.65,1.78464,29,Yes,Small,0.3985261168818262,586,C
Normal,Increasing,103.88,1.53,3.75728,7,No,Medium,0.40755465453827305,564,C
Low,Unknown,125.18,2.41,7.13006,3,Yes,Medium,0.43962301499567286,493,C
Normal,Decreasing,25.35,3.14,3.89459,27,No,Small,0.5116852839561259,330,B
Normal,Unknown,117.81,1.97,6.9065,24,Yes,Large,0.6290898242375292,92,A
Normal,Unknown,129.62,3.78,5.96963,2,No,Medium,0.5224412265599493,295,B
Low,Stable,74.2,4.98,8.63148,17,Yes,Medium,0.6251170230767185,96,A
High,Decreasing,37.94,2.06,2.96424,16,No,Medium,0.4582439849476639,456,C
Low,Decreasing,32.16,1.37,8.75915,18,Yes,Large,0.5351635988919997,259,B
High,Increasing,25.18,3.49,7.71657,3,Yes,Large,0.5574108718706666,200,B
Normal,Decreasing,48.57,4.2,6.36737,30,No,Small,0.6173285110588523,106,A
High,Decreasing,136.82,1.62,3.43298,14,Yes,Small,0.3988785790313209,584,C
High,Unknown,10.96,0.37,0.66778,6,No,Large,0.37290379476119767,633,C
Low,Decreasing,124.31,2.52,4.18376,29,Yes,Medium,0.5219423516950171,298,B
Normal,Stable,190.69,0.85,6.82026,21,No,Large,0.6311861851578587,86,A
Low,Decreasing,92.3,0.88,7.94593,22,Yes,Medium,0.49699711135852515,365,C
Normal,Ending,86.82,0.88,3.21706,9,No,Medium,0.3497013577456434,650,C
Normal,Unknown,18.9,0.97,6.95179,27,Yes,Medium,0.5136731512203081,320,B
High,Unknown,114.32,4.41,6.66106,11,Yes,Small,0.5455021328395625,236,B
Normal,Stable,5.42,1.36,1.9816,3,Yes,Small,0.22242418395527086,693,C
Low,Increasing,197.99,3.4,2.40862,15,Yes,Medium,0.4685134043233163,435,C
Low,Decreasing,54.05,1.3,0.82386,7,No,Small,0.21856961166926345,696,C
High,Ending,40.55,1.45,8.22862,25,No,Small,0.5499759127145379,219,B
Low,Increasing,170.44,3.86,1.12107,18,No,Large,0.5419806539368089,242,B
Low,Unknown,97.83,2.65,8.52585,2,Yes,Large,0.5117118648577205,329,B
High,Increasing,170.19,3.69,0.1348,19,Yes,Medium,0.49595934251193,370,C
High,Decreasing,5.01,0.64,5.68617,16,Yes,Small,0.3926276209878259,597,C
Low,Decreasing,29.41,3.51,7.15973,12,Yes,Large,0.5431795840357859,239,B
Normal,Ending,42.64,3.24,4.0426,26,No,Large,0.6054974365779587,127,A
Normal,Increasing,64.31,1.97,8.29399,25,Yes,Medium,0.5978165451020284,144,B
High,Increasing,31.46,2.43,2.24817,2,Yes,Large,0.42125240306246853,534,C
High,Unknown,187.71,0.82,3.66556,5,No,Medium,0.41895195361326115,541,C
Normal,Decreasing,70.51,0.08,5.75567,16,No,Medium,0.44288383006116544,486,C
High,Increasing,100.07,2.08,7.33753,20,Yes,Medium,0.5881240811005171,156,B
Low,Decreasing,129.4,4.33,3.03031,2,Yes,Large,0.46714396199626945,438,C
High,Increasing,139.55,0.04,9.7689,8,Yes,Large,0.5472259007262472,228,B
Normal,Stable,12.78,3.74,3.81995,22,Yes,Large,0.5710099759079217,178,B
High,Stable,139.47,0.05,1.37972,25,No,Small,0.42595088945578186,523,C
High,Stable,110.73,3.84,7.13249,11,No,Medium,0.633269017097956,81,A
Low,Increasing,54.44,4.4,2.08013,12,Yes,Small,0.38923466606661633,603,C
Low,Stable,108.9,1.98,1.84995,5,No,Medium,0.32607867121103196,667,C
Low,Unknown,193.75,4.18,2.45295,27,Yes,Medium,0.5496885526869566,221,B
High,Decreasing,112.31,1.5,9.97902,14,No,Medium,0.608598838332144,123,A
High,Decreasing,185.97,4.01,2.90261,15,No,Large,0.619125692577144,102,A
Low,Decreasing,146.56,0.36,4.50152,2,Yes,Small,0.2518489862600379,686,C
Normal,Unknown,60.77,4.54,2.60496,17,Yes,Large,0.5500608807962141,218,B
High,Increasing,155.07,2.78,4.51816,23,No,Large,0.6697139931821923,49,A
High,Unknown,18.35,2.43,8.71507,28,Yes,Medium,0.6323772221563394,83,A
Normal,Decreasing,65.06,1.1,4.53855,27,No,Large,0.5585630086533865,195,B
Low,Ending,25.64,1.09,3.32481,14,Yes,Large,0.383163497924795,616,C
Low,Stable,189.87,4.39,9.48163,16,No,Large,0.7289592542392874,13,A
Low,Ending,83.09,2.2,8.15742,17,No,Small,0.498977914431851,359,C
Normal,Increasing,158.48,0.23,6.42327,24,Yes,Small,0.47525035659151854,420,C
Low,Stable,114.65,3.25,1.92533,8,Yes,Small,0.33790885165467804,659,C
Normal,Stable,132.89,3.55,8.39915,16,No,Medium,0.673679807970447,46,A
Low,Decreasing,111.42,1.03,1.99847,30,No,Small,0.4306261863342258,511,C
Normal,Increasing,1.89,1.89,0.44465,12,Yes,Large,0.3853393723577247,608,C
High,Ending,110.24,2.81,7.84155,16,No,Large,0.6851644030790852,36,A
Normal,Ending,79.11,0.03,0.46048,2,Yes,Large,0.30198189112582835,675,C
Normal,Unknown,85.88,2.87,8.31119,20,No,Large,0.697612108812524,29,A
Normal,Decreasing,88.89,1.36,9.25904,16,No,Small,0.5276464853058134,278,B
Low,Unknown,97.71,4.16,0.92537,16,Yes,Small,0.39381083595775224,596,C
Low,Increasing,30.1,3.53,4.45905,18,Yes,Small,0.4284912250070286,517,C
Low,Unknown,154.61,2.46,8.9091,5,No,Small,0.49346579296225157,382,C
High,Unknown,182.25,4.27,1.20915,29,No,Medium,0.5984249252702512,142,B
Normal,Increasing,159.44,4.65,6.3762,20,No,Large,0.7575692293578274,6,A
Normal,Unknown,177.39,3.51,7.89844,11,Yes,Large,0.638953253775544,75,A
High,Decreasing,152.84,1.48,4.53719,13,No,Large,0.5551144345527141,206,B
Normal,Unknown,83.22,2.42,6.21254,17,Yes,Small,0.469125283486115,434,C
Normal,Ending,129.35,3.49,9.70668,19,No,Small,0.6236466189516627,99,A
High,Increasing,120.91,3.02,2.70692,20,Yes,Large,0.5673846736115703,183,B
High,Ending,13.72,2.43,4.90966,26,Yes,Medium,0.5261237385357803,287,B
Normal,Ending,146.07,4.16,4.74101,30,Yes,Large,0.6833666309091678,39,A
High,Ending,28.58,0.4,9.85338,28,No,Small,0.5490391975187411,223,B
Low,Decreasing,143.2,4.76,1.22821,5,Yes,Small,0.392431791919216,598,C
High,Ending,3.65,4.9,8.85469,10,Yes,Medium,0.6018130711913176,137,A
Low,Unknown,45.62,4.8,9.86831,8,Yes,Large,0.6088779185230833,122,A
High,Ending,136.59,3.68,2.13659,15,No,Small,0.47881851352391164,409,C
High,Increasing,34.4,1.07,4.78152,4,Yes,Large,0.4384681418790432,495,C
Normal,Increasing,3.2,3.22,6.14152,2,No,Small,0.4251170316673854,525,C
High,Increasing,97.73,1.81,9.87435,22,Yes,Medium,0.6318841801921812,85,A
Normal,Unknown,199.46,2.1,5.59313,13,No,Large,0.6051721486348932,128,A
Normal,Decreasing,170.19,3.44,3.52431,17,No,Medium,0.5572973589939663,201,B
High,Increasing,171.93,2.42,9.88219,16,Yes,Medium,0.6482345495168935,65,A
High,Unknown,173.27,0.97,9.33431,2,Yes,Medium,0.5023083194301688,352,C
Normal,Decreasing,148.81,4.15,3.15869,25,Yes,Small,0.527494368161224,280,B
Normal,Stable,126.82,1.74,6.11565,23,No,Medium,0.5849231835895872,161,B
Normal,Decreasing,92.62,2.45,0.26295,27,Yes,Medium,0.4436574138009074,482,C
Normal,Ending,93.53,1.17,3.86357,23,Yes,Medium,0.4374815230632771,497,C
Low,Increasing,104.02,2.38,9.17789,23,No,Medium,0.6306783439137454,87,A
High,Increasing,27.78,2.66,0.25718,2,Yes,Small,0.309012043419714,671,C
Normal,Unknown,23.41,2.92,6.79332,5,No,Medium,0.48772331724166845,390,C
Normal,Increasing,50.11,0.5,4.00775,20,Yes,Medium,0.40616092366085826,565,C
Low,Unknown,156.8,4.05,1.63219,14,No,Small,0.4449473053970554,476,C
High,Unknown,169.24,4.85,4.05533,17,No,Medium,0.6346240048420932,80,A
Low,Stable,196.85,3.31,4.97742,18,No,Large,0.6249941271239384,98,A
Low,Unknown,106.79,3.18,8.0003,8,No,Medium,0.5418973114551305,243,B
High,Ending,7.15,0.77,6.94711,18,No,Medium,0.497711912542279,364,C
High,Ending,166.69,4.05,6.4377,7,No,Small,0.5486552397934783,224,B
Low,Decreasing,103.82,0.84,1.94401,1,Yes,Medium,0.21921177484886523,695,C
Normal,Increasing,45.17,1.5,5.10334,14,Yes,Large,0.4870931590626947,394,C
Normal,Decreasing,78.11,0.83,7.3345,20,No,Medium,0.5315217736319299,268,B
Low,Decreasing,28.01,1.1,3.92317,10,Yes,Medium,0.2969244984222233,677,C
High,Decreasing,111.47,2.84,9.28629,4,No,Large,0.628538552444365,94,A
Normal,Decreasing,184.09,1.94,3.88808,22,No,Medium,0.5462660788580198,232,B
High,Increasing,100.63,0.42,5.14521,16,No,Small,0.44724979097261913,470,C
Low,Increasing,164.39,2.82,7.58083,15,No,Small,0.5434874312696004,238,B
High,Unknown,79.48,3.96,9.08658,27,No,Small,0.6756444838350628,43,A
High,Ending,29.14,4.56,5.38815,7,Yes,Medium,0.5062038495058132,341,B
Normal,Stable,22.06,1.9,8.18635,17,Yes,Large,0.5725740170636529,175,B
High,Increasing,149.81,2.03,1.16595,12,Yes,Large,0.4701215116421673,430,C
High,Unknown,110.19,2.33,6.67161,11,Yes,Small,0.47672335318319836,417,C
Normal,Ending,110.01,1.05,1.3575,21,No,Small,0.3786842575952721,622,C
Normal,Stable,26.54,0.4,9.01434,14,No,Medium,0.506626038152796,339,B
High,Stable,20.83,0.54,9.69966,11,Yes,Small,0.46633684200791686,441,C
High,Increasing,12.39,0.52,6.40603,5,No,Small,0.3975805126080125,587,C
Normal,Increasing,75.38,3.5,1.50028,11,Yes,Small,0.3780106695857271,623,C
Low,Increasing,162.2,1.22,3.94632,5,No,Small,0.329220679449136,666,C
Low,Increasing,177.6,0.17,6.70556,3,No,Small,0.36739601463651334,636,C
Normal,Ending,13.09,2.81,9.16772,0,Yes,Small,0.4359935393367195,505,C
Normal,Stable,173.84,4.3,3.5439,23,No,Large,0.6692634167325083,50,A
Normal,Unknown,30.96,1.09,2.81364,11,Yes,Large,0.395529890086427,590,C
Normal,Unknown,49.86,1.64,6.03168,3,Yes,Medium,0.3876393799483729,606,C
Low,Ending,118.43,4.88,1.14158,29,No,Large,0.5778782054683405,172,B
Low,Unknown,196.93,3.0,9.51076,16,No,Medium,0.6424073583836523,69,A
Normal,Ending,18.46,0.94,1.78033,2,No,Large,0.3449564302077477,653,C
High,Decreasing,144.55,2.15,2.9031,10,No,Small,0.42230586096168166,531,C
Low,Increasing,81.62,0.54,1.72528,30,No,Small,0.4144878076348313,545,C
Low,Increasing,114.37,1.74,2.57816,25,Yes,Medium,0.43696183509297204,500,C
