Article,Risk,Demand fluctuation,Average stock,Daily usage,Unit cost,Lead time,Consignment stock,Unit size,Score TOPSIS,Rang,Classe,CC flou,Rang flou,Classe floue,µA,µB,µC,Classe (max µ),Statut
0,High,Ending,110.34,4.94,7.64446,23,Yes,Large,0.7712230540406787,3,A,0.7740854501959815,7,A,1.0,0.0,0.0,A,Net
1,Normal,Ending,183.26,1.58,2.50913,10,No,Large,0.4727389940558038,426,C,0.5537837409310743,415,C,0.0,0.0,1.0,C,Net
2,Normal,Stable,115.42,3.29,6.25884,17,No,Medium,0.6137099300030406,115,A,0.6648778740031469,135,A,0.5785714285714287,0.42142857142857126,0.0,A,Frontière
3,Low,Stable,113.85,0.26,4.95187,19,Yes,Large,0.4586373158005913,455,C,0.5410384225940104,447,C,0.0,0.0,1.0,C,Net
4,Normal,Decreasing,149.02,4.93,6.48226,24,Yes,Small,0.6155198807886341,111,A,0.6600003877318679,146,B,0.4214285714285716,0.5785714285714284,0.0,B,Frontière
5,Low,Unknown,117.18,0.96,3.75497,6,No,Small,0.29197747450213235,680,C,0.4115746428077296,674,C,0.0,0.0,1.0,C,Net
6,Normal,Ending,24.11,1.82,1.48254,4,No,Large,0.37450375567696914,632,C,0.46906119113859734,613,C,0.0,0.0,1.0,C,Net
7,High,Unknown,87.37,4.41,9.12498,24,Yes,Medium,0.7320918574035311,12,A,0.7579085085089947,15,A,1.0,0.0,0.0,A,Net
8,Normal,Decreasing,179.4,3.65,0.57078,18,Yes,Small,0.4360024823776885,504,C,0.49737546721094084,551,C,0.0,0.0,1.0,C,Net
9,Low,Stable,163.53,4.97,2.22409,12,Yes,Medium,0.4878852858551273,389,C,0.561475711132363,399,C,0.0,0.0,1.0,C,Net
10,Low,Unknown,194.04,4.8,6.3821,9,No,Large,0.6322636419346226,84,A,0.6850454585964632,93,A,1.0,0.0,0.0,A,Net
11,Low,Increasing,80.83,4.07,3.01914,24,No,Large,0.5954109530633069,149,B,0.6571165635397376,151,B,0.3500000000000001,0.6499999999999999,0.0,B,Frontière
12,Low,Ending,112.74,0.41,9.06017,28,Yes,Large,0.5723688194142148,176,B,0.6420186599022922,171,B,0.06428571428571424,0.9357142857142857,0.0,B,Frontière
13,Normal,Ending,155.16,1.29,9.36031,22,Yes,Small,0.5417352568484401,244,B,0.6014123093479666,272,B,0.0,1.0,0.0,B,Net
14,High,Unknown,83.91,1.73,7.19356,20,No,Small,0.5407897861123805,246,B,0.6112083263457823,241,B,0.0,1.0,0.0,B,Net
15,High,Increasing,172.57,2.76,5.79843,12,Yes,Medium,0.5542397107236536,207,B,0.6318266844640146,193,B,0.0,1.0,0.0,B,Net
16,Normal,Decreasing,95.79,0.53,0.61852,0,No,Small,0.20040958834340386,699,C,0.3345793533057455,700,C,0.0,0.0,1.0,C,Net
17,Low,Unknown,100.96,1.16,7.27614,20,No,Medium,0.5199710434553303,310,B,0.5994011471132131,280,B,0.0,1.0,0.0,B,Net
18,Normal,Ending,89.68,1.76,3.86373,11,Yes,Medium,0.37494102047813604,631,C,0.4991200361237976,548,C,0.0,0.0,1.0,C,Net
19,High,Increasing,95.53,2.92,5.81963,19,Yes,Large,0.6294532032781753,89,A,0.6842811434088445,95,A,1.0,0.0,0.0,A,Net
20,High,Increasing,158.8,0.76,6.9173,3,No,Medium,0.48442260300116907,399,C,0.5824834339933022,337,B,0.0,0.6928571428571432,0.30714285714285683,B,Frontière
21,Low,Ending,43.82,4.06,5.81463,21,No,Large,0.6128129761542439,117,A,0.6598265218254011,147,B,0.40714285714285714,0.5928571428571429,0.0,B,Frontière
22,Low,Ending,37.75,4.77,8.66102,29,No,Small,0.6184958688036504,104,A,0.6777223720665949,106,A,0.992857142857143,0.0071428571428570065,0.0,A,Frontière
23,Normal,Increasing,134.93,2.86,9.04745,16,Yes,Small,0.5665730973128759,185,B,0.6256605246042495,205,B,0.0,1.0,0.0,B,Net
24,Normal,Unknown,162.12,2.8,6.28768,19,No,Small,0.5614689170816672,191,B,0.6163299680445216,226,B,0.0,1.0,0.0,B,Net
25,High,Ending,77.0,0.31,0.81413,17,No,Small,0.3396155447046522,658,C,0.42458143307609764,667,C,0.0,0.0,1.0,C,Net
26,High,Stable,98.35,3.0,3.78275,2,No,Large,0.512231645557418,328,B,0.5951751611855423,295,B,0.0,1.0,0.0,B,Net
27,Normal,Ending,127.58,1.19,1.63124,6,No,Small,0.27931600251963207,682,C,0.4029398610404803,678,C,0.0,0.0,1.0,C,Net
28,Normal,Increasing,87.51,4.02,1.12924,13,No,Large,0.5264806389365105,285,B,0.6033190279779732,266,B,0.0,1.0,0.0,B,Net
29,Normal,Ending,119.48,3.57,6.28187,19,Yes,Medium,0.5811945921485786,167,B,0.6361602818381079,181,B,0.0,1.0,0.0,B,Net
30,Normal,Stable,98.15,4.63,4.81546,6,Yes,Small,0.46748621355962766,437,C,0.53422908751583,465,C,0.0,0.0,1.0,C,Net
31,High,Unknown,94.98,1.75,8.98198,12,Yes,Large,0.5939335566591607,151,B,0.6662595562710638,130,A,0.6500000000000001,0.34999999999999987,0.0,A,Frontière
32,Low,Increasing,114.44,2.74,2.89754,29,No,Medium,0.5383854964852758,252,B,0.6158633977308791,228,B,0.0,1.0,0.0,B,Net
33,Normal,Increasing,127.86,0.56,4.3001,25,No,Large,0.5576885581560022,199,B,0.6365774892780577,180,B,0.0,1.0,0.0,B,Net
34,Low,Ending,21.43,1.14,9.84665,8,Yes,Large,0.4909887501620357,384,C,0.5540185060357335,414,C,0.0,0.0,1.0,C,Net
35,Normal,Increasing,100.91,1.99,6.41002,3,No,Large,0.5250393837490258,291,B,0.601700375387602,270,B,0.0,1.0,0.0,B,Net
36,High,Ending,78.6,0.04,8.05342,11,Yes,Small,0.4192395940412213,540,C,0.4929412451586662,557,C,0.0,0.0,1.0,C,Net
37,Low,Increasing,51.26,0.44,7.86853,11,No,Small,0.4141972020329144,546,C,0.4880350439981266,568,C,0.0,0.0,1.0,C,Net
38,High,Ending,103.56,3.53,8.05425,27,Yes,Medium,0.6957920883142817,32,A,0.724825826946691,40,A,1.0,0.0,0.0,A,Net
39,Low,Unknown,131.9,2.36,6.50407,1,Yes,Large,0.4700156016625156,431,C,0.5395543729160023,449,C,0.0,0.0,1.0,C,Net
40,High,Ending,47.75,0.74,8.86436,22,No,Small,0.5274675239264823,281,B,0.6026912918838274,268,B,0.0,1.0,0.0,B,Net
41,High,Unknown,155.42,0.27,7.64038,7,Yes,Small,0.42914601420439674,514,C,0.5060924030957611,529,C,0.0,0.0,1.0,C,Net
42,Normal,Ending,66.38,2.41,5.85458,30,No,Medium,0.5967988516480163,147,B,0.6623918724915191,141,B,0.49285714285714305,0.5071428571428569,0.0,B,Frontière
43,High,Stable,136.17,3.82,9.92486,11,Yes,Large,0.6854466629497273,35,A,0.749704808472685,18,A,1.0,0.0,0.0,A,Net
44,Normal,Ending,15.22,0.24,7.33757,2,Yes,Medium,0.36407314334027224,639,C,0.4588601458063835,634,C,0.0,0.0,1.0,C,Net
45,Low,Unknown,86.6,4.83,4.5385,2,No,Large,0.5276045827105804,279,B,0.5921773835796871,307,B,0.0,1.0,0.0,B,Net
46,High,Stable,108.84,1.39,1.65729,6,Yes,Medium,0.3503847974623283,649,C,0.47090229209446416,607,C,0.0,0.0,1.0,C,Net
47,Low,Stable,160.24,2.18,9.23807,7,Yes,Small,0.47777661442125874,414,C,0.5368428438686998,455,C,0.0,0.0,1.0,C,Net
48,Low,Stable,137.23,3.57,2.5714,29,No,Medium,0.5592255973471555,194,B,0.634254632115222,184,B,0.0,1.0,0.0,B,Net
49,Low,Decreasing,104.37,1.24,5.44558,30,No,Small,0.4953836167186233,374,C,0.5523791834453406,418,C,0.0,0.0,1.0,C,Net
50,Low,Ending,132.12,4.05,4.65851,21,No,Small,0.5223506570810355,296,B,0.573716916934184,365,C,0.0,0.2928571428571435,0.7071428571428565,C,Frontière
51,High,Ending,31.06,2.14,9.69943,30,Yes,Medium,0.6400787082533561,73,A,0.7098299104433233,52,A,1.0,0.0,0.0,A,Net
52,Normal,Ending,109.04,3.35,8.312,11,No,Small,0.5479851148936906,226,B,0.6035719217454667,263,B,0.0,1.0,0.0,B,Net
53,Low,Unknown,25.07,1.08,3.70093,5,Yes,Medium,0.26278905689024135,683,C,0.4112143094167028,675,C,0.0,0.0,1.0,C,Net
54,High,Ending,76.18,3.86,6.99975,19,No,Large,0.7185826950530145,18,A,0.7359811936731088,32,A,1.0,0.0,0.0,A,Net
55,High,Decreasing,50.43,1.88,7.66093,20,No,Large,0.6388909650758583,76,A,0.6975794469349775,73,A,1.0,0.0,0.0,A,Net
56,High,Unknown,61.73,3.35,4.71035,3,Yes,Small,0.4120259879427375,550,C,0.4902860258710877,563,C,0.0,0.0,1.0,C,Net
57,Low,Increasing,81.44,4.62,0.24833,16,No,Medium,0.4659830590776263,442,C,0.54826236123773,431,C,0.0,0.0,1.0,C,Net
58,Low,Unknown,154.32,4.83,9.95105,21,No,Large,0.7546925379525828,8,A,0.795097217973,4,A,1.0,0.0,0.0,A,Net
59,Low,Increasing,127.7,1.44,7.77542,27,Yes,Small,0.5201128922014989,308,B,0.581832754749186,338,B,0.0,0.6785714285714287,0.3214285714285713,B,Frontière
60,Low,Increasing,25.29,4.56,3.52317,17,No,Large,0.5713806579702173,177,B,0.6310134026200733,194,B,0.0,1.0,0.0,B,Net
61,High,Stable,14.61,0.24,4.4166,30,Yes,Medium,0.47783220450500613,413,C,0.5781950619554597,351,C,0.0,0.49285714285714355,0.5071428571428565,C,Frontière
62,High,Ending,66.9,0.51,6.40098,16,No,Small,0.44672286911005504,471,C,0.5272583909434966,478,C,0.0,0.0,1.0,C,Net
63,Normal,Ending,114.89,0.39,7.74089,1,No,Medium,0.42322826813994463,529,C,0.5221745695328502,493,C,0.0,0.0,1.0,C,Net
64,High,Unknown,72.85,2.41,8.39039,18,Yes,Medium,0.5924817327432824,152,B,0.6607045351424904,143,B,0.4642857142857144,0.5357142857142856,0.0,B,Frontière
65,Low,Increasing,169.35,2.57,8.07991,7,No,Medium,0.548258172396701,225,B,0.6175371363363156,223,B,0.0,1.0,0.0,B,Net
66,Low,Increasing,12.76,1.07,8.31588,3,No,Medium,0.42600373048926027,522,C,0.5200141872494588,499,C,0.0,0.0,1.0,C,Net
67,High,Increasing,165.23,1.2,1.49624,6,No,Medium,0.39746054489993154,589,C,0.5115540812001355,516,C,0.0,0.0,1.0,C,Net
68,Normal,Stable,133.35,2.46,3.3365,15,No,Large,0.5505481833475934,216,B,0.6203454523802501,218,B,0.0,1.0,0.0,B,Net
69,Low,Ending,160.04,1.72,0.24856,27,Yes,Medium,0.40868852964348373,558,C,0.4911112586201155,562,C,0.0,0.0,1.0,C,Net
70,Low,Ending,12.42,2.15,9.15389,16,Yes,Large,0.5423896345328295,240,B,0.60580427101811,261,B,0.0,1.0,0.0,B,Net
71,Low,Stable,149.21,4.17,0.92516,10,Yes,Small,0.3901061729516261,602,C,0.4484064696143636,648,C,0.0,0.0,1.0,C,Net
72,Low,Unknown,13.09,1.2,4.89362,29,No,Medium,0.4889958066591838,387,C,0.5746240336138023,361,C,0.0,0.3500000000000002,0.6499999999999998,C,Frontière
73,Normal,Unknown,33.23,0.16,7.24437,18,No,Large,0.5278719351161001,277,B,0.6106418425896829,244,B,0.0,1.0,0.0,B,Net
74,Normal,Decreasing,92.79,4.58,7.77865,23,No,Medium,0.718067208015363,19,A,0.7359956818608937,31,A,1.0,0.0,0.0,A,Net
75,Low,Unknown,123.75,0.73,4.9781,25,No,Medium,0.4897535293279737,385,C,0.5759766968296537,357,C,0.0,0.40714285714285803,0.592857142857142,C,Frontière
76,Normal,Stable,148.89,4.58,1.70736,28,No,Medium,0.5940577455382487,150,B,0.6753095473248489,111,A,0.9214285714285716,0.0785714285714284,0.0,A,Frontière
77,High,Ending,65.38,0.8,5.78012,20,No,Medium,0.5046829234066147,346,B,0.5972782315982338,289,B,0.0,1.0,0.0,B,Net
78,Normal,Unknown,132.89,0.68,8.62564,18,No,Large,0.6113960969267327,119,A,0.6760142237606696,109,A,0.9500000000000002,0.04999999999999982,0.0,A,Frontière
79,High,Stable,1.53,4.02,7.7905,15,No,Medium,0.6406371725447619,72,A,0.6958884706002751,76,A,1.0,0.0,0.0,A,Net
80,Normal,Ending,147.84,1.91,4.06227,10,No,Medium,0.4453611364431658,473,C,0.5475378820874229,433,C,0.0,0.0,1.0,C,Net
81,High,Increasing,31.08,2.71,8.76238,7,Yes,Medium,0.5335086513361648,262,B,0.6215201275888479,215,B,0.0,1.0,0.0,B,Net
82,Low,Ending,163.72,0.16,4.4216,24,No,Small,0.42163678294888357,533,C,0.48674450891291515,575,C,0.0,0.0,1.0,C,Net
83,Normal,Decreasing,158.04,0.46,9.43514,9,No,Medium,0.5298050913446032,273,B,0.6084584888401893,252,B,0.0,1.0,0.0,B,Net
84,Normal,Ending,56.38,3.95,4.53622,28,No,Large,0.6573517006673271,59,A,0.7041406436351181,64,A,1.0,0.0,0.0,A,Net
85,Low,Increasing,132.32,1.46,5.34356,30,No,Large,0.6046658197344073,130,A,0.6701940280295384,121,A,0.7785714285714287,0.2214285714285713,0.0,A,Frontière
86,Low,Ending,146.14,3.46,6.64306,5,No,Medium,0.5058663702437799,342,B,0.575792508638963,359,C,0.0,0.3785714285714291,0.6214285714285709,C,Frontière
87,Normal,Increasing,166.87,1.21,1.92354,17,No,Medium,0.4443568872760724,479,C,0.5496914808215484,428,C,0.0,0.0,1.0,C,Net
88,High,Unknown,173.66,0.71,6.35424,27,No,Small,0.5534923258628889,209,B,0.6260000164600991,204,B,0.0,1.0,0.0,B,Net
89,Normal,Decreasing,114.15,3.85,5.6177,23,Yes,Large,0.6632809602175194,56,A,0.6898951852967887,83,A,1.0,0.0,0.0,A,Net
90,Normal,Increasing,36.64,4.55,5.36422,19,No,Small,0.5644559263022032,187,B,0.6220598699660326,214,B,0.0,1.0,0.0,B,Net
91,Normal,Increasing,131.34,4.25,4.71412,30,No,Small,0.6156221969246767,110,A,0.6777012370538852,107,A,0.9785714285714289,0.02142857142857113,0.0,A,Frontière
92,Normal,Increasing,17.65,0.19,8.44857,2,Yes,Medium,0.4103600697691579,554,C,0.4993764942080848,546,C,0.0,0.0,1.0,C,Net
93,High,Ending,130.98,1.92,5.88278,30,Yes,Medium,0.6018410310548298,136,A,0.664115279622575,137,A,0.55,0.44999999999999996,0.0,A,Frontière
94,Normal,Ending,151.95,0.47,1.44274,2,Yes,Large,0.3408113541713858,657,C,0.4272584393928471,666,C,0.0,0.0,1.0,C,Net
95,High,Stable,99.66,3.87,8.03314,11,Yes,Medium,0.6045933470930023,131,A,0.6737598242277942,115,A,0.8642857142857145,0.13571428571428545,0.0,A,Frontière
96,Normal,Stable,193.55,3.86,0.10302,8,No,Medium,0.4603913394600768,451,C,0.5474985962382447,434,C,0.0,0.0,1.0,C,Net
97,Low,Increasing,62.09,4.37,1.07649,3,Yes,Medium,0.36946568070475905,635,C,0.45966418716382124,631,C,0.0,0.0,1.0,C,Net
98,Low,Stable,152.47,3.05,0.67493,17,Yes,Medium,0.4104990310778907,553,C,0.5048826905278925,536,C,0.0,0.0,1.0,C,Net
99,Low,Unknown,41.8,3.58,0.39322,4,No,Large,0.4048050698083069,568,C,0.47998238711554203,594,C,0.0,0.0,1.0,C,Net
100,High,Ending,182.84,3.36,2.86937,28,Yes,Large,0.6291538138705424,90,A,0.6879102579499766,89,A,1.0,0.0,0.0,A,Net
101,High,Stable,90.82,1.68,6.52307,14,No,Large,0.5959103520946983,148,B,0.665653641714248,131,A,0.635714285714286,0.364285714285714,0.0,A,Frontière
102,Normal,Increasing,160.82,1.59,9.45133,13,No,Small,0.5569942940375219,203,B,0.621450990484483,216,B,0.0,1.0,0.0,B,Net
103,Low,Stable,123.95,3.07,1.68177,30,Yes,Small,0.45901801327040825,454,C,0.5225072721556654,492,C,0.0,0.0,1.0,C,Net
104,High,Increasing,76.77,0.97,8.61094,29,Yes,Medium,0.6030615646006726,135,A,0.6886404412569062,87,A,1.0,0.0,0.0,A,Net
105,Normal,Ending,126.16,2.94,3.00521,4,No,Small,0.37643211410301336,626,C,0.4658162862983326,616,C,0.0,0.0,1.0,C,Net
106,Normal,Ending,117.39,0.45,5.40001,20,Yes,Small,0.3985670735025213,585,C,0.48682923924375937,574,C,0.0,0.0,1.0,C,Net
107,Low,Increasing,62.48,1.85,4.92593,8,No,Medium,0.4019049628432253,575,C,0.5168509136711036,505,C,0.0,0.0,1.0,C,Net
108,High,Ending,145.53,0.96,7.17145,21,Yes,Small,0.4986767183222735,361,C,0.5695024273003385,379,C,0.0,0.09285714285714342,0.9071428571428566,C,Frontière
109,High,Unknown,155.56,1.92,0.26867,5,No,Medium,0.38309699520748686,617,C,0.49180823947338465,560,C,0.0,0.0,1.0,C,Net
110,Low,Decreasing,104.57,1.43,2.24126,8,No,Large,0.40181846979109287,577,C,0.4839307568617791,583,C,0.0,0.0,1.0,C,Net
111,Low,Unknown,133.97,3.06,6.70908,4,Yes,Small,0.4245350672850481,527,C,0.487782333249937,569,C,0.0,0.0,1.0,C,Net
112,High,Stable,153.87,1.41,6.41276,13,Yes,Medium,0.5134891360594451,322,B,0.6035438700373469,264,B,0.0,1.0,0.0,B,Net
113,Normal,Stable,8.67,1.38,2.11231,9,No,Medium,0.33632604323285864,662,C,0.47382159721979167,604,C,0.0,0.0,1.0,C,Net
114,Normal,Increasing,29.16,4.55,8.43825,7,Yes,Small,0.5242071712185538,293,B,0.5880867252083699,317,B,0.0,0.9785714285714289,0.02142857142857113,B,Frontière
115,High,Unknown,15.49,1.43,2.86138,0,Yes,Large,0.3840190949330019,614,C,0.46667738838960926,614,C,0.0,0.0,1.0,C,Net
116,Normal,Increasing,121.28,2.89,2.32659,15,Yes,Small,0.40918361371011536,555,C,0.4949983660539865,554,C,0.0,0.0,1.0,C,Net
117,High,Decreasing,94.81,0.86,6.52052,4,Yes,Medium,0.4201691676135573,538,C,0.5197239851046317,501,C,0.0,0.0,1.0,C,Net
118,High,Decreasing,188.19,1.77,9.278,27,Yes,Medium,0.6841016816569182,38,A,0.7274704499904802,36,A,1.0,0.0,0.0,A,Net
119,Normal,Decreasing,15.81,1.91,0.62758,20,No,Medium,0.40039872435651946,581,C,0.5025583726870276,540,C,0.0,0.0,1.0,C,Net
120,High,Stable,109.72,1.78,6.39829,13,No,Small,0.5005749608241941,357,C,0.5777231720080055,353,C,0.0,0.46428571428571463,0.5357142857142854,C,Frontière
121,High,Unknown,16.36,4.69,9.29719,0,No,Small,0.5446445581858118,237,B,0.613884694217924,232,B,0.0,1.0,0.0,B,Net
122,Normal,Decreasing,86.54,2.1,2.12161,28,No,Medium,0.5063265327962324,340,B,0.5903402361396022,312,B,0.0,1.0,0.0,B,Net
123,Normal,Ending,2.44,0.57,9.50471,22,Yes,Small,0.47645166977509584,418,C,0.5421879006173634,445,C,0.0,0.0,1.0,C,Net
124,High,Stable,54.9,4.63,8.12929,6,No,Small,0.5706268591111937,179,B,0.6377843456710469,177,B,0.0,1.0,0.0,B,Net
125,High,Stable,74.25,1.42,0.88351,29,Yes,Medium,0.4574261535304219,457,C,0.5569536740825769,406,C,0.0,0.0,1.0,C,Net
126,Low,Increasing,178.3,1.41,1.58868,7,No,Medium,0.34452075336857024,654,C,0.4709515214991121,606,C,0.0,0.0,1.0,C,Net
127,High,Decreasing,181.83,1.31,4.28482,29,No,Small,0.5413076813830359,245,B,0.6093782928915176,248,B,0.0,1.0,0.0,B,Net
128,High,Decreasing,197.25,2.4,7.11141,12,No,Medium,0.6145995575832,113,A,0.667807206004077,125,A,0.7214285714285716,0.27857142857142836,0.0,A,Frontière
129,Low,Decreasing,132.8,0.1,3.47324,22,Yes,Medium,0.3751175043335984,630,C,0.4820895526618754,587,C,0.0,0.0,1.0,C,Net
130,High,Stable,165.88,1.57,1.23797,18,No,Small,0.433354777430673,508,C,0.5156609270917966,508,C,0.0,0.0,1.0,C,Net
131,High,Unknown,198.53,1.05,2.48581,6,No,Medium,0.41107070591569805,551,C,0.5254076729809577,486,C,0.0,0.0,1.0,C,Net
132,High,Unknown,144.62,2.37,8.83353,25,Yes,Small,0.6098094018398695,121,A,0.6685037959349797,123,A,0.7500000000000003,0.24999999999999967,0.0,A,Frontière
133,Low,Stable,162.17,4.93,3.8193,4,Yes,Large,0.5208367681919778,304,B,0.5854445729284334,325,B,0.0,0.8642857142857143,0.13571428571428568,B,Frontière
134,Normal,Increasing,67.11,4.55,2.66501,20,No,Small,0.5181941845784287,313,B,0.5853516368629027,327,B,0.0,0.835714285714286,0.16428571428571404,B,Frontière
135,Normal,Stable,135.91,1.02,5.3212,11,Yes,Large,0.4861396464121057,396,C,0.5696688510103131,377,C,0.0,0.12142857142857233,0.8785714285714277,C,Frontière
136,Normal,Unknown,28.29,2.36,3.34382,25,Yes,Small,0.4287977288602804,515,C,0.512403733954746,515,C,0.0,0.0,1.0,C,Net
137,High,Decreasing,94.66,1.72,5.90184,7,No,Small,0.4402732023243674,492,C,0.5209473155661534,497,C,0.0,0.0,1.0,C,Net
138,High,Stable,169.01,3.15,8.81069,14,Yes,Medium,0.6399778355378898,74,A,0.7012560088904572,66,A,1.0,0.0,0.0,A,Net
139,High,Decreasing,195.67,1.13,4.70504,13,Yes,Medium,0.469128570545219,433,C,0.5643285067366673,393,C,0.0,0.0,1.0,C,Net
140,Normal,Unknown,91.67,1.63,6.80972,18,Yes,Large,0.563960732745778,189,B,0.6279048359325023,200,B,0.0,1.0,0.0,B,Net
141,Low,Stable,146.23,4.67,1.62325,26,No,Small,0.5202064068005696,307,B,0.5815129184804869,343,B,0.0,0.6071428571428575,0.39285714285714246,B,Frontière
142,Low,Stable,188.06,2.44,9.30838,16,Yes,Small,0.5404755360001822,247,B,0.5964070860173746,290,B,0.0,1.0,0.0,B,Net
143,Low,Unknown,38.11,0.71,9.94174,23,No,Medium,0.5461125060821517,234,B,0.6296740569982878,197,B,0.0,1.0,0.0,B,Net
144,Low,Ending,89.56,0.02,9.4424,6,No,Medium,0.4461888805025018,472,C,0.5232297326105092,490,C,0.0,0.0,1.0,C,Net
145,Low,Stable,175.75,4.15,0.60083,14,No,Small,0.44186293481139083,489,C,0.49917224254923914,547,C,0.0,0.0,1.0,C,Net
146,Normal,Stable,78.01,3.36,6.37165,16,No,Small,0.5401911702066872,248,B,0.6018054469079988,269,B,0.0,1.0,0.0,B,Net
147,Normal,Ending,92.49,1.12,6.19545,19,No,Small,0.4637855160403392,444,C,0.5384785223079666,450,C,0.0,0.0,1.0,C,Net
148,High,Stable,81.32,0.17,6.572,5,No,Large,0.4895456363973524,386,C,0.5797724303151713,349,B,0.0,0.5214285714285719,0.4785714285714281,B,Frontière
149,Low,Stable,173.7,2.97,5.32732,10,Yes,Small,0.4355854832394445,506,C,0.5049212117693337,535,C,0.0,0.0,1.0,C,Net
150,Normal,Stable,96.17,2.8,0.73328,11,Yes,Medium,0.37557052279174435,629,C,0.48964022907701316,564,C,0.0,0.0,1.0,C,Net
151,Low,Decreasing,164.88,2.52,9.08516,30,No,Medium,0.6668594991895329,53,A,0.7211825130468715,44,A,1.0,0.0,0.0,A,Net
152,Normal,Decreasing,49.86,4.46,2.02843,11,No,Large,0.5282704534557016,275,B,0.5961830772354761,292,B,0.0,1.0,0.0,B,Net
153,Low,Unknown,84.5,3.17,6.3375,1,No,Small,0.4140676346248476,547,C,0.48635196825745014,576,C,0.0,0.0,1.0,C,Net
154,High,Increasing,167.79,4.57,2.97321,0,Yes,Small,0.45533393194356325,462,C,0.514432358903474,511,C,0.0,0.0,1.0,C,Net
155,Normal,Decreasing,176.62,2.17,8.18137,2,No,Small,0.4876299405064433,391,C,0.5506453628527678,425,C,0.0,0.0,1.0,C,Net
156,High,Ending,169.2,4.19,1.69989,6,Yes,Small,0.42809281012845546,518,C,0.4884651161023826,566,C,0.0,0.0,1.0,C,Net
157,Normal,Stable,191.38,3.04,7.17897,22,Yes,Large,0.706546772763746,26,A,0.7242620209644135,41,A,1.0,0.0,0.0,A,Net
158,Low,Decreasing,106.23,0.16,6.69933,20,Yes,Small,0.4001310223767972,582,C,0.4696527832703055,611,C,0.0,0.0,1.0,C,Net
159,Low,Ending,123.94,1.87,2.5614,26,No,Small,0.43732496982496455,498,C,0.497143157334693,552,C,0.0,0.0,1.0,C,Net
160,Normal,Ending,5.46,3.77,0.77248,7,Yes,Large,0.4079472266694485,562,C,0.487340818633801,570,C,0.0,0.0,1.0,C,Net
161,Normal,Stable,8.46,3.53,2.04017,30,No,Large,0.5822341525187257,165,B,0.6596309219484706,149,B,0.3785714285714288,0.6214285714285712,0.0,B,Frontière
162,High,Decreasing,10.99,0.35,6.89133,26,No,Medium,0.5306701452016307,269,B,0.6241271865545827,209,B,0.0,1.0,0.0,B,Net
163,Normal,Increasing,20.44,1.71,5.2045,29,No,Small,0.5105344986698696,332,B,0.584576043955543,331,B,0.0,0.7785714285714288,0.2214285714285712,B,Frontière
164,High,Ending,167.37,4.28,7.46895,26,No,Medium,0.7569119599282947,7,A,0.775854466536847,6,A,1.0,0.0,0.0,A,Net
165,Normal,Decreasing,11.28,1.38,8.58693,6,Yes,Large,0.4943148781362062,379,C,0.568562568375988,382,C,0.0,0.050000000000000044,0.95,C,Frontière
166,Normal,Increasing,135.26,2.57,0.97357,26,Yes,Large,0.5286404027658581,274,B,0.6063642540491544,259,B,0.0,1.0,0.0,B,Net
167,Normal,Unknown,100.39,3.7,7.4937,3,Yes,Medium,0.5132059219378012,323,B,0.5923281558999917,305,B,0.0,1.0,0.0,B,Net
168,Normal,Increasing,28.7,3.6,1.48492,12,Yes,Medium,0.404234285673359,570,C,0.5143799641675533,512,C,0.0,0.0,1.0,C,Net
169,Low,Unknown,179.2,0.95,7.04458,19,No,Large,0.5809115472341327,169,B,0.6409760238463598,174,B,0.02142857142857141,0.9785714285714285,0.0,B,Frontière
170,Normal,Stable,161.36,3.3,5.11555,15,No,Small,0.533003944482322,263,B,0.5951419810787206,296,B,0.0,1.0,0.0,B,Net
171,High,Stable,65.47,3.15,9.52284,24,No,Large,0.7671466377198981,5,A,0.7988564924565439,3,A,1.0,0.0,0.0,A,Net
172,Low,Ending,34.9,0.32,7.71149,12,Yes,Small,0.36560967234779135,637,C,0.4275339661484815,665,C,0.0,0.0,1.0,C,Net
173,High,Decreasing,7.52,4.91,5.94289,22,Yes,Small,0.5738142911402021,174,B,0.6266682643418965,202,B,0.0,1.0,0.0,B,Net
174,High,Unknown,38.5,1.01,7.896,3,Yes,Small,0.40792853476029894,563,C,0.4790415066797332,596,C,0.0,0.0,1.0,C,Net
175,High,Unknown,31.77,3.37,5.57912,23,No,Medium,0.6170738990860856,107,A,0.677962236795573,105,A,1.0,0.0,0.0,A,Net
176,Low,Ending,7.39,1.4,5.42275,11,No,Large,0.44729200315420603,469,C,0.5229661918348182,491,C,0.0,0.0,1.0,C,Net
177,Normal,Ending,6.24,2.16,2.54622,6,Yes,Small,0.24964382689179124,688,C,0.3820415943501623,682,C,0.0,0.0,1.0,C,Net
178,Low,Decreasing,87.74,4.46,1.84345,4,No,Small,0.3850025399509532,611,C,0.4442385643031137,650,C,0.0,0.0,1.0,C,Net
179,Low,Increasing,181.47,4.37,4.2418,14,No,Large,0.6131451160432541,116,A,0.6667402843776249,127,A,0.692857142857143,0.30714285714285705,0.0,A,Frontière
180,Low,Stable,181.49,0.78,1.63491,22,Yes,Small,0.34421632070229985,655,C,0.43673083015306824,656,C,0.0,0.0,1.0,C,Net
181,Low,Stable,57.11,0.77,8.33995,14,No,Large,0.5322476763390354,264,B,0.6076005384725699,255,B,0.0,1.0,0.0,B,Net
182,Low,Decreasing,27.81,3.14,1.9333,28,No,Large,0.5317876735651156,267,B,0.5984435700148669,285,B,0.0,1.0,0.0,B,Net
183,Low,Decreasing,53.98,4.2,0.27862,1,No,Medium,0.3552795018292306,645,C,0.4420446533762989,652,C,0.0,0.0,1.0,C,Net
184,High,Increasing,161.94,3.79,9.54756,15,No,Large,0.7823273927006958,2,A,0.8030490045729364,2,A,1.0,0.0,0.0,A,Net
185,High,Increasing,10.84,3.78,8.5907,25,No,Small,0.6386288375491453,77,A,0.7057826534967492,60,A,1.0,0.0,0.0,A,Net
186,High,Decreasing,95.88,4.78,9.48138,11,Yes,Medium,0.6475423770240483,66,A,0.7096229215746354,53,A,1.0,0.0,0.0,A,Net
187,High,Unknown,156.65,2.53,6.84318,1,Yes,Large,0.535654194514252,257,B,0.6130856867904435,234,B,0.0,1.0,0.0,B,Net
188,Normal,Increasing,44.72,2.77,2.06684,17,Yes,Small,0.38009157973122376,621,C,0.47546212283933664,600,C,0.0,0.0,1.0,C,Net
189,High,Stable,100.46,4.49,2.15518,8,Yes,Small,0.4444694805385707,477,C,0.5146053235307942,510,C,0.0,0.0,1.0,C,Net
190,Low,Ending,42.74,1.35,7.46779,9,No,Medium,0.4369252256703993,501,C,0.5254910397027228,485,C,0.0,0.0,1.0,C,Net
191,Low,Decreasing,41.55,1.49,0.29378,3,No,Medium,0.23119326105903446,690,C,0.3760868290498156,687,C,0.0,0.0,1.0,C,Net
192,Low,Increasing,7.42,4.88,6.35446,0,Yes,Large,0.506907731245559,338,B,0.5745270507856174,362,C,0.0,0.33571428571428574,0.6642857142857143,C,Frontière
193,Normal,Unknown,137.29,3.9,9.93495,0,No,Large,0.6299406688709354,88,A,0.69831785714444,71,A,1.0,0.0,0.0,A,Net
194,High,Ending,181.4,3.01,9.28548,10,No,Large,0.7000054595975165,28,A,0.7394586157627818,25,A,1.0,0.0,0.0,A,Net
195,Normal,Unknown,2.71,3.83,2.77393,30,No,Large,0.6044727653954525,132,A,0.6728946688847076,118,A,0.8214285714285717,0.17857142857142827,0.0,A,Frontière
196,Low,Ending,150.57,3.4,5.42503,26,Yes,Small,0.5189934036394042,311,B,0.5690104305703566,380,C,0.0,0.07857142857142896,0.921428571428571,C,Frontière
197,High,Stable,37.5,2.0,7.34639,8,Yes,Medium,0.48438770450488633,400,C,0.5807352358054712,346,B,0.0,0.5642857142857147,0.4357142857142853,B,Frontière
198,High,Increasing,109.34,0.5,4.5429,16,No,Medium,0.47788491524531684,411,C,0.5806327689759816,347,B,0.0,0.5500000000000003,0.44999999999999973,B,Frontière
199,Low,Ending,61.18,4.36,6.22966,17,Yes,Large,0.5819835456848044,166,B,0.630731162613349,196,B,0.0,1.0,0.0,B,Net
200,Low,Decreasing,7.43,2.2,7.37774,2,No,Large,0.4753176849689635,419,C,0.5438002660048336,441,C,0.0,0.0,1.0,C,Net
201,High,Unknown,174.24,1.92,4.47069,15,Yes,Small,0.4567030913845046,460,C,0.5363223084037119,459,C,0.0,0.0,1.0,C,Net
202,High,Decreasing,173.16,4.5,9.46296,26,No,Small,0.7105783401452018,23,A,0.7734233837926969,9,A,1.0,0.0,0.0,A,Net
203,Low,Unknown,37.07,4.3,7.25262,18,Yes,Large,0.6150336680641298,112,A,0.6606290725062811,144,B,0.45000000000000023,0.5499999999999998,0.0,B,Frontière
204,Normal,Stable,174.12,3.39,6.30754,19,Yes,Large,0.6670114177649457,52,A,0.6989305926967176,69,A,1.0,0.0,0.0,A,Net
205,Low,Ending,190.02,2.15,5.1515,30,No,Small,0.5347091173513504,260,B,0.5887036650047475,315,B,0.0,1.0,0.0,B,Net
206,Low,Unknown,100.4,1.69,9.38667,4,No,Medium,0.49476667684508585,377,C,0.5748460940218756,360,C,0.0,0.36428571428571466,0.6357142857142853,C,Frontière
207,Normal,Decreasing,26.07,2.52,9.06417,16,Yes,Small,0.5097866847503002,334,B,0.5711727862071699,372,C,0.0,0.1928571428571435,0.8071428571428565,C,Frontière
208,Low,Stable,98.48,1.93,1.73004,15,Yes,Medium,0.34365218817450016,656,C,0.4701607319825839,610,C,0.0,0.0,1.0,C,Net
209,Low,Increasing,44.97,4.77,7.3962,28,No,Large,0.7366123012255277,11,A,0.7646836081754087,12,A,1.0,0.0,0.0,A,Net
210,Low,Increasing,194.98,4.16,2.25157,19,No,Large,0.5866740782611325,157,B,0.6521295729985506,161,B,0.20714285714285718,0.7928571428571428,0.0,B,Frontière
211,High,Increasing,55.55,1.53,0.19091,16,No,Small,0.37739186308942346,625,C,0.45777228267200054,637,C,0.0,0.0,1.0,C,Net
212,Normal,Unknown,119.23,2.13,7.51031,0,No,Small,0.44361736516274836,483,C,0.5182915146393272,503,C,0.0,0.0,1.0,C,Net
213,High,Decreasing,136.43,0.13,9.76868,27,Yes,Small,0.5526681829490228,210,B,0.6251110066263127,206,B,0.0,1.0,0.0,B,Net
214,High,Decreasing,33.49,4.78,2.93395,21,No,Medium,0.583640594405097,164,B,0.653126759502963,158,B,0.25,0.75,0.0,B,Frontière
215,High,Unknown,41.16,3.34,2.03027,20,No,Medium,0.5109843998462805,331,B,0.6013640775296949,273,B,0.0,1.0,0.0,B,Net
216,Low,Decreasing,112.07,3.49,6.05637,25,Yes,Small,0.5260931376592083,288,B,0.5744324254936057,363,C,0.0,0.3214285714285713,0.6785714285714287,C,Frontière
217,High,Ending,143.27,1.42,9.25398,23,Yes,Small,0.5653074665120501,186,B,0.6289907513389567,199,B,0.0,1.0,0.0,B,Net
218,Low,Unknown,96.67,2.97,2.6122,14,Yes,Large,0.46136984959520094,448,C,0.5371119359428471,454,C,0.0,0.0,1.0,C,Net
219,Low,Ending,61.87,0.62,7.95819,0,Yes,Large,0.4229868196977581,530,C,0.4800071461983097,593,C,0.0,0.0,1.0,C,Net
220,Low,Stable,4.44,4.48,5.23112,24,Yes,Small,0.505212618927272,344,B,0.5650833245804627,390,C,0.0,0.0,1.0,C,Net
221,Normal,Stable,163.14,4.6,0.51414,16,No,Large,0.5596538310034872,193,B,0.6374658637689702,179,B,0.0,1.0,0.0,B,Net
222,Low,Increasing,155.35,1.88,4.3961,0,Yes,Small,0.3196802026734257,669,C,0.4074725553211454,676,C,0.0,0.0,1.0,C,Net
223,Low,Increasing,148.57,0.96,2.22301,23,No,Large,0.49458840366721274,378,C,0.5723678693889079,367,C,0.0,0.26428571428571457,0.7357142857142854,C,Frontière
224,High,Increasing,144.53,2.67,4.59455,17,Yes,Small,0.49639027303984024,367,C,0.5700407443488716,376,C,0.0,0.13571428571428568,0.8642857142857143,C,Frontière
225,Low,Unknown,11.26,3.98,0.52918,4,Yes,Small,0.28198153124893105,681,C,0.3639217125415292,691,C,0.0,0.0,1.0,C,Net
226,High,Increasing,143.12,4.93,1.29321,4,Yes,Small,0.44791492645536535,468,C,0.5052680905531589,533,C,0.0,0.0,1.0,C,Net
227,High,Decreasing,122.53,0.38,0.26789,29,No,Small,0.4305933356181093,512,C,0.49230915919943097,559,C,0.0,0.0,1.0,C,Net
228,Normal,Increasing,136.59,1.18,6.79359,20,Yes,Large,0.5847924309997281,162,B,0.6474551701618805,164,B,0.16428571428571434,0.8357142857142856,0.0,B,Frontière
229,Normal,Increasing,80.32,3.95,4.47009,14,No,Large,0.6138129349069149,114,A,0.6653718234285096,134,A,0.5928571428571429,0.40714285714285714,0.0,A,Frontière
230,Normal,Stable,172.48,3.36,2.93717,9,No,Medium,0.4977831058520229,363,C,0.5847980760511196,330,B,0.0,0.7928571428571433,0.20714285714285674,B,Frontière
231,Low,Ending,36.29,0.42,8.4921,19,No,Large,0.5266378388910532,283,B,0.598774062418111,283,B,0.0,1.0,0.0,B,Net
232,Normal,Decreasing,163.8,1.54,9.91163,29,No,Medium,0.6799014926092258,41,A,0.7371047010406097,30,A,1.0,0.0,0.0,A,Net
233,Low,Stable,25.16,1.28,0.84222,11,Yes,Small,0.19294256790758152,700,C,0.3384511162816737,699,C,0.0,0.0,1.0,C,Net
234,High,Unknown,193.92,2.84,4.99967,4,Yes,Large,0.5373375597188239,255,B,0.6121892307762155,236,B,0.0,1.0,0.0,B,Net
235,Normal,Increasing,188.19,2.89,1.72627,28,Yes,Small,0.4958246564427532,371,C,0.5644567662203988,392,C,0.0,0.0,1.0,C,Net
236,Normal,Decreasing,50.93,2.32,5.73449,21,No,Large,0.6007935338676421,139,A,0.6546601005668181,152,B,0.33571428571428563,0.6642857142857144,0.0,B,Frontière
237,Normal,Ending,103.51,3.27,3.41631,16,No,Small,0.46183027702765,446,C,0.5339559725241619,467,C,0.0,0.0,1.0,C,Net
238,Low,Decreasing,144.11,0.8,1.09693,30,No,Medium,0.4501436644716266,466,C,0.5263772470293027,482,C,0.0,0.0,1.0,C,Net
239,Low,Decreasing,47.01,1.61,9.52837,18,No,Large,0.5899993910725498,155,B,0.6536472691050402,156,B,0.27857142857142864,0.7214285714285713,0.0,B,Frontière
240,High,Unknown,57.39,3.1,3.2406,18,No,Medium,0.5262233041795571,286,B,0.6119794961805144,239,B,0.0,1.0,0.0,B,Net
241,High,Stable,19.09,3.02,8.97264,26,Yes,Medium,0.6565959471729762,60,A,0.7165925980309212,50,A,1.0,0.0,0.0,A,Net
242,Normal,Increasing,107.81,2.35,0.69387,9,Yes,Large,0.42164876320522265,532,C,0.5071037744709065,525,C,0.0,0.0,1.0,C,Net
243,Low,Decreasing,93.84,3.8,9.4313,2,No,Medium,0.5468977194883742,229,B,0.6121976385174784,235,B,0.0,1.0,0.0,B,Net
244,High,Stable,185.06,1.74,3.87988,24,No,Large,0.6250061299382869,97,A,0.6922629670442977,81,A,1.0,0.0,0.0,A,Net
245,Normal,Stable,102.29,0.7,2.12738,3,Yes,Small,0.23693223616505282,689,C,0.3656344640121021,690,C,0.0,0.0,1.0,C,Net
246,Low,Decreasing,188.36,2.61,0.63082,21,Yes,Large,0.47765210178405204,416,C,0.541175373298133,446,C,0.0,0.0,1.0,C,Net
247,Normal,Stable,122.19,2.68,2.30367,8,Yes,Medium,0.3943844448605726,593,C,0.5077163210143971,522,C,0.0,0.0,1.0,C,Net
248,High,Increasing,92.97,4.62,0.64896,0,Yes,Small,0.4012742625736919,579,C,0.4522824016919744,647,C,0.0,0.0,1.0,C,Net
249,High,Decreasing,133.5,3.74,6.58972,18,No,Large,0.727044673026061,14,A,0.7414675501171812,23,A,1.0,0.0,0.0,A,Net
250,Normal,Decreasing,87.73,4.47,3.97194,13,No,Small,0.5032603920448511,351,C,0.5636674787752639,394,C,0.0,0.0,1.0,C,Net
251,High,Increasing,190.35,2.16,9.72874,9,No,Large,0.6820090448932719,40,A,0.7415356497514988,22,A,1.0,0.0,0.0,A,Net
252,Normal,Ending,115.1,4.33,7.86767,25,No,Medium,0.7149087226937136,20,A,0.7404451518384924,24,A,1.0,0.0,0.0,A,Net
253,High,Stable,153.88,3.73,3.21777,2,No,Medium,0.4934807320277545,381,C,0.584854131357527,329,B,0.0,0.8071428571428572,0.19285714285714284,B,Frontière
254,Normal,Unknown,73.55,0.05,2.79975,3,Yes,Medium,0.2592172604408243,685,C,0.4055530918590318,677,C,0.0,0.0,1.0,C,Net
255,Normal,Ending,17.96,3.68,4.17985,25,No,Large,0.6118001210105491,118,A,0.6665240018990823,128,A,0.6785714285714288,0.3214285714285712,0.0,A,Frontière
256,High,Stable,132.34,0.62,6.01642,21,No,Small,0.5046901883214914,345,B,0.5839573456753322,333,B,0.0,0.7500000000000004,0.24999999999999956,B,Frontière
257,Low,Ending,137.74,1.04,7.90153,1,Yes,Medium,0.40305630768524314,573,C,0.4828968140699486,586,C,0.0,0.0,1.0,C,Net
258,Normal,Ending,81.99,3.89,6.16387,1,Yes,Large,0.5126969349566997,325,B,0.5815538507942872,342,B,0.0,0.6214285714285714,0.37857142857142856,B,Frontière
259,High,Ending,65.94,2.65,2.33588,2,Yes,Large,0.4188462774749274,542,C,0.5011481066193827,542,C,0.0,0.0,1.0,C,Net
260,Low,Unknown,72.54,0.8,1.90781,11,No,Medium,0.3051175398859176,673,C,0.4424350369310357,651,C,0.0,0.0,1.0,C,Net
261,High,Ending,144.96,4.67,7.90513,14,Yes,Large,0.6968081547528687,31,A,0.7376772336188228,27,A,1.0,0.0,0.0,A,Net
262,Low,Ending,144.91,1.5,1.01505,6,No,Large,0.3813695639284693,618,C,0.4581928274616536,635,C,0.0,0.0,1.0,C,Net
263,Normal,Decreasing,172.51,4.76,8.17151,14,Yes,Large,0.6936766507461134,33,A,0.7314421614004274,34,A,1.0,0.0,0.0,A,Net
264,Normal,Stable,184.98,3.7,4.15651,15,No,Small,0.5320325596364307,266,B,0.5944995829270655,299,B,0.0,1.0,0.0,B,Net
265,High,Ending,114.86,2.31,3.36894,8,No,Medium,0.4452415538946757,474,C,0.5500748214588644,427,C,0.0,0.0,1.0,C,Net
266,Normal,Decreasing,56.54,3.78,7.44126,15,No,Small,0.5584583880109357,196,B,0.6101113350531249,246,B,0.0,1.0,0.0,B,Net
267,Normal,Stable,75.56,1.72,9.38071,5,Yes,Large,0.5380736309631068,253,B,0.6158522884077718,229,B,0.0,1.0,0.0,B,Net
268,Normal,Increasing,38.98,3.63,7.03323,23,No,Large,0.7109042995668116,22,A,0.7347451910163463,33,A,1.0,0.0,0.0,A,Net
269,Low,Stable,49.98,1.67,5.95906,21,No,Medium,0.4995803121339607,358,C,0.5854251379294517,326,B,0.0,0.8499999999999999,0.15000000000000013,B,Frontière
270,Normal,Decreasing,34.88,3.43,9.19923,4,Yes,Large,0.5636614574613149,190,B,0.6309483336112863,195,B,0.0,1.0,0.0,B,Net
271,Normal,Ending,199.17,3.69,5.46216,5,No,Medium,0.5397030876928033,249,B,0.609652704036919,247,B,0.0,1.0,0.0,B,Net
272,Low,Ending,8.11,3.74,2.30984,21,Yes,Small,0.3850092987632576,610,C,0.45665411504903863,639,C,0.0,0.0,1.0,C,Net
273,Low,Stable,122.02,3.13,0.93474,21,Yes,Large,0.48357959211450885,402,C,0.5562179001687632,408,C,0.0,0.0,1.0,C,Net
274,Normal,Decreasing,176.42,4.74,8.19862,20,Yes,Large,0.7461493981328897,10,A,0.7607516863134782,13,A,1.0,0.0,0.0,A,Net
275,High,Decreasing,138.65,4.01,1.60036,27,Yes,Small,0.5168282183024622,317,B,0.5814777705720602,344,B,0.0,0.5928571428571431,0.4071428571428569,B,Frontière
276,Low,Ending,87.83,3.22,7.5675,14,No,Small,0.5054934607597092,343,B,0.5591643836060576,402,C,0.0,0.0,1.0,C,Net
277,Normal,Decreasing,117.07,0.25,5.03572,25,No,Small,0.4627420650863058,445,C,0.5348578811550698,463,C,0.0,0.0,1.0,C,Net
278,High,Unknown,87.42,1.34,2.21036,13,Yes,Medium,0.3802331835321392,620,C,0.501092240281621,543,C,0.0,0.0,1.0,C,Net
279,High,Increasing,190.74,0.04,6.64508,6,No,Small,0.4428687659050251,487,C,0.5266131129946575,479,C,0.0,0.0,1.0,C,Net
280,Low,Stable,154.64,1.68,0.80754,6,No,Large,0.39753986766973676,588,C,0.48207127053355264,588,C,0.0,0.0,1.0,C,Net
281,High,Ending,165.65,4.98,3.6241,3,No,Small,0.49849815061764097,362,C,0.5597830040502364,401,C,0.0,0.0,1.0,C,Net
282,Low,Ending,113.36,0.54,3.0058,14,Yes,Small,0.26211418901491584,684,C,0.3776241693223466,685,C,0.0,0.0,1.0,C,Net
283,Normal,Ending,92.18,1.89,4.30777,5,No,Small,0.35192308618998225,647,C,0.45693791442405485,638,C,0.0,0.0,1.0,C,Net
284,High,Ending,162.53,0.41,8.81177,19,No,Medium,0.5866334712843067,158,B,0.6632666488285048,140,A,0.5071428571428572,0.49285714285714277,0.0,A,Frontière
285,Normal,Decreasing,24.89,3.08,7.89391,22,Yes,Medium,0.5911282276625399,153,B,0.6464610136789555,165,B,0.15000000000000016,0.8499999999999999,0.0,B,Frontière
286,Normal,Unknown,150.34,3.09,4.76489,10,No,Medium,0.5270217763268166,282,B,0.6033683680758568,265,B,0.0,1.0,0.0,B,Net
287,Low,Unknown,53.4,1.38,7.98476,6,Yes,Medium,0.41711927553589245,543,C,0.5090683149424035,519,C,0.0,0.0,1.0,C,Net
288,Normal,Stable,64.07,4.56,3.3106,13,Yes,Large,0.5494584832381051,222,B,0.61719407754465,224,B,0.0,1.0,0.0,B,Net
289,Low,Increasing,58.77,0.34,7.90999,5,Yes,Medium,0.3911343764025274,600,C,0.4851633252855187,579,C,0.0,0.0,1.0,C,Net
290,Normal,Increasing,9.82,3.4,7.66065,23,No,Medium,0.6460530674572303,67,A,0.696180384864332,75,A,1.0,0.0,0.0,A,Net
291,Low,Unknown,20.62,3.68,9.16876,17,Yes,Medium,0.5700647069398374,181,B,0.6337191668472394,185,B,0.0,1.0,0.0,B,Net
292,High,Decreasing,154.4,0.43,5.97502,8,Yes,Small,0.39401330626755504,595,C,0.47761083036141827,597,C,0.0,0.0,1.0,C,Net
293,High,Increasing,182.92,1.12,8.22008,27,Yes,Large,0.6898209291788698,34,A,0.7416087569849936,21,A,1.0,0.0,0.0,A,Net
294,Low,Increasing,145.85,4.83,2.12476,7,No,Small,0.44920423513549096,467,C,0.506929521687022,526,C,0.0,0.0,1.0,C,Net
295,High,Ending,85.36,4.83,0.52235,6,Yes,Small,0.4036820973384977,572,C,0.46058351964697103,628,C,0.0,0.0,1.0,C,Net
296,Low,Ending,129.47,0.82,8.48152,4,No,Large,0.4964118029704244,366,C,0.5631816969159787,396,C,0.0,0.0,1.0,C,Net
297,Low,Increasing,32.67,3.78,8.68476,25,No,Large,0.7074178770017747,25,A,0.7444731668861747,20,A,1.0,0.0,0.0,A,Net
298,Low,Decreasing,152.39,0.58,7.06358,9,No,Large,0.5005846659943652,356,C,0.5679694331767553,384,C,0.0,0.02142857142857224,0.9785714285714278,C,Frontière
299,Normal,Decreasing,52.86,3.0,3.43045,21,No,Small,0.472723806538058,427,C,0.5429379039183436,443,C,0.0,0.0,1.0,C,Net
300,High,Ending,159.3,0.52,0.66788,4,Yes,Small,0.25012668935051147,687,C,0.3561436008883897,693,C,0.0,0.0,1.0,C,Net
301,Normal,Increasing,107.69,4.78,0.87872,4,Yes,Small,0.404411856124003,569,C,0.46210732542079924,624,C,0.0,0.0,1.0,C,Net
302,Normal,Increasing,11.83,1.78,2.19053,15,Yes,Medium,0.35861434914481427,643,C,0.48859153791480875,565,C,0.0,0.0,1.0,C,Net
303,Normal,Stable,21.06,1.1,0.28555,26,No,Medium,0.42054841742367083,536,C,0.5160512771088867,506,C,0.0,0.0,1.0,C,Net
304,Normal,Ending,86.29,3.74,1.45283,21,Yes,Large,0.5176014038813939,314,B,0.5878852414788701,319,B,0.0,0.95,0.050000000000000044,B,Frontière
305,High,Stable,159.12,0.12,1.87693,16,No,Large,0.4745397333821223,422,C,0.5661951410429704,389,C,0.0,0.0,1.0,C,Net
306,Normal,Increasing,188.99,4.78,1.07768,10,No,Large,0.5577252256713395,198,B,0.6333982755456898,187,B,0.0,1.0,0.0,B,Net
307,Normal,Stable,97.85,2.38,7.54765,3,Yes,Large,0.5220695425918738,297,B,0.5979246445374995,287,B,0.0,1.0,0.0,B,Net
308,Normal,Increasing,183.98,3.77,1.46158,3,Yes,Large,0.4778561226651371,412,C,0.550937799833502,423,C,0.0,0.0,1.0,C,Net
309,Low,Decreasing,23.51,0.81,0.41281,28,No,Large,0.4450168180289015,475,C,0.5061605597154233,528,C,0.0,0.0,1.0,C,Net
310,Normal,Ending,80.21,1.99,3.45142,4,Yes,Medium,0.331941216647798,663,C,0.46217635699250714,623,C,0.0,0.0,1.0,C,Net
311,Low,Increasing,186.27,3.15,9.02029,3,No,Small,0.5233031735192462,294,B,0.5815672526502526,341,B,0.0,0.6357142857142859,0.3642857142857141,B,Frontière
312,Low,Decreasing,138.65,0.5,8.77377,15,No,Medium,0.5124435755290294,326,B,0.5870886687921572,322,B,0.0,0.9071428571428571,0.09285714285714286,B,Frontière
313,Normal,Unknown,77.5,2.37,9.45473,7,No,Small,0.5156637517570967,318,B,0.5809877210214267,345,B,0.0,0.5785714285714286,0.4214285714285714,B,Frontière
314,Low,Decreasing,22.73,4.27,7.96384,25,No,Medium,0.6428081178771726,68,A,0.6884999447175433,88,A,1.0,0.0,0.0,A,Net
315,Normal,Ending,179.08,4.63,8.82232,24,No,Small,0.6719514782003257,47,A,0.7265561594024623,38,A,1.0,0.0,0.0,A,Net
316,High,Decreasing,175.21,0.25,5.18442,2,No,Large,0.4713083297420487,428,C,0.5555978748133968,411,C,0.0,0.0,1.0,C,Net
317,Normal,Unknown,145.5,3.86,9.21114,14,No,Small,0.6168154281846213,108,A,0.6683023312022421,124,A,0.7357142857142858,0.26428571428571423,0.0,A,Frontière
318,Low,Ending,171.14,4.37,3.80805,1,No,Large,0.5101211903320791,333,B,0.5695651863135864,378,C,0.0,0.10714285714285787,0.8928571428571421,C,Frontière
319,Normal,Stable,183.13,4.01,8.10648,0,No,Medium,0.5811623390839008,168,B,0.6545426326044909,153,B,0.32142857142857145,0.6785714285714286,0.0,B,Frontière
320,Normal,Ending,93.39,2.84,3.14992,26,No,Small,0.49579758613367436,372,C,0.5622581080956669,397,C,0.0,0.0,1.0,C,Net
321,Low,Decreasing,17.59,4.23,0.37885,17,Yes,Small,0.35914190180018285,641,C,0.42360274622400046,668,C,0.0,0.0,1.0,C,Net
322,Normal,Decreasing,158.65,3.25,0.5944,0,No,Large,0.4435994582823581,484,C,0.5147472479572774,509,C,0.0,0.0,1.0,C,Net
323,Normal,Stable,166.27,3.31,7.58482,8,No,Medium,0.6016320955731203,138,A,0.6604379720463085,145,B,0.4357142857142858,0.5642857142857143,0.0,B,Frontière
324,High,Ending,19.01,2.87,3.06402,4,No,Large,0.46103252757888835,450,C,0.5480410946631384,432,C,0.0,0.0,1.0,C,Net
325,High,Unknown,73.99,0.23,9.53637,17,No,Small,0.517594035536761,315,B,0.5950042408690362,297,B,0.0,1.0,0.0,B,Net
326,Low,Unknown,109.67,3.13,8.72743,7,No,Medium,0.549865824839681,220,B,0.6184165183052156,221,B,0.0,1.0,0.0,B,Net
327,Low,Ending,160.92,4.13,5.60055,11,No,Large,0.5909969991039513,154,B,0.6416440271515121,172,B,0.05000000000000006,0.95,0.0,B,Frontière
328,Normal,Ending,20.06,3.57,5.66104,6,No,Large,0.5345223627829443,261,B,0.6011071140725084,275,B,0.0,1.0,0.0,B,Net
329,Low,Unknown,50.52,2.3,4.13286,12,No,Medium,0.4125837418708565,548,C,0.5215257382172229,494,C,0.0,0.0,1.0,C,Net
330,Normal,Increasing,44.26,4.37,9.67809,25,No,Medium,0.7476980466497456,9,A,0.7737683895271308,8,A,1.0,0.0,0.0,A,Net
331,Normal,Increasing,195.85,0.84,8.17654,18,No,Medium,0.5991816180290416,141,B,0.6646443580815699,136,A,0.5642857142857145,0.4357142857142855,0.0,A,Frontière
332,Normal,Ending,166.08,0.65,9.44729,23,No,Medium,0.6057494204593563,126,A,0.6754359895446044,110,A,0.935714285714286,0.06428571428571395,0.0,A,Frontière
333,High,Increasing,30.43,3.5,5.98282,0,No,Small,0.45702149661331604,458,C,0.5349450631739948,462,C,0.0,0.0,1.0,C,Net
334,High,Unknown,5.8,0.51,2.47076,29,Yes,Medium,0.4370873327417499,499,C,0.5368232318392877,456,C,0.0,0.0,1.0,C,Net
335,Low,Stable,176.51,4.09,2.42351,15,Yes,Large,0.5298378494299365,272,B,0.5952710006222413,294,B,0.0,1.0,0.0,B,Net
336,Low,Increasing,92.8,1.73,4.25495,14,No,Medium,0.43302405682186723,509,C,0.5382087642128631,452,C,0.0,0.0,1.0,C,Net
337,Normal,Stable,46.37,1.18,9.87218,3,No,Medium,0.49876390534963766,360,C,0.5875784211330585,320,B,0.0,0.935714285714286,0.06428571428571395,B,Frontière
338,Low,Decreasing,161.19,3.83,0.75709,27,No,Medium,0.5202701183981598,306,B,0.5925036483963458,304,B,0.0,1.0,0.0,B,Net
339,Normal,Ending,9.93,4.74,5.51861,10,No,Small,0.4939906163579991,380,C,0.5577967295080368,404,C,0.0,0.0,1.0,C,Net
340,Low,Decreasing,15.68,0.96,8.99811,18,Yes,Large,0.521004970791761,303,B,0.588126266167567,316,B,0.0,0.9928571428571428,0.0071428571428572285,B,Frontière
341,Normal,Stable,53.79,3.75,0.40782,17,No,Small,0.4245601136387969,526,C,0.5005575159571222,544,C,0.0,0.0,1.0,C,Net
342,Low,Decreasing,146.04,4.03,0.79701,26,No,Small,0.4846766183681085,398,C,0.5354964379354661,461,C,0.0,0.0,1.0,C,Net
343,Low,Ending,66.09,4.64,2.52791,18,No,Large,0.5461723870132444,233,B,0.6065414427930307,257,B,0.0,1.0,0.0,B,Net
344,Low,Unknown,158.74,0.61,3.32501,16,Yes,Large,0.4277051292775738,520,C,0.5133302899929852,514,C,0.0,0.0,1.0,C,Net
345,Normal,Unknown,16.74,3.81,2.9515,9,Yes,Medium,0.4107776572656746,552,C,0.519847880453194,500,C,0.0,0.0,1.0,C,Net
346,Normal,Stable,118.78,1.66,4.07314,4,No,Large,0.4682315753063254,436,C,0.5561809573129713,409,C,0.0,0.0,1.0,C,Net
347,Low,Unknown,1.07,1.43,6.37884,30,Yes,Medium,0.49628956995516343,368,C,0.5802106255612979,348,B,0.0,0.5357142857142858,0.4642857142857142,B,Frontière
348,High,Increasing,119.74,2.95,9.29265,13,No,Large,0.7111190762027843,21,A,0.7556936410933779,16,A,1.0,0.0,0.0,A,Net
349,High,Decreasing,93.17,0.52,1.68733,12,Yes,Medium,0.3368378185449227,660,C,0.45993791719256955,629,C,0.0,0.0,1.0,C,Net
350,High,Increasing,104.08,3.79,2.80431,2,No,Medium,0.47365067104666086,423,C,0.5687115812834167,381,C,0.0,0.0642857142857145,0.9357142857142855,C,Frontière
351,Low,Stable,167.26,4.52,0.6131,28,Yes,Medium,0.5211491555724251,302,B,0.5977193497905551,288,B,0.0,1.0,0.0,B,Net
352,Normal,Increasing,127.29,4.62,9.24781,16,No,Medium,0.7241717679357209,16,A,0.7537032603894905,17,A,1.0,0.0,0.0,A,Net
353,Low,Stable,35.92,1.74,4.7971,7,Yes,Large,0.4123263874590125,549,C,0.49898853902170737,549,C,0.0,0.0,1.0,C,Net
354,High,Decreasing,38.7,4.58,5.34216,24,No,Medium,0.6639448683428126,55,A,0.7072107658036179,57,A,1.0,0.0,0.0,A,Net
355,High,Ending,159.68,1.64,7.65685,28,Yes,Small,0.5751355613144893,173,B,0.634962476485447,183,B,0.0,1.0,0.0,B,Net
356,High,Stable,133.73,2.46,3.70364,16,No,Medium,0.5355200777376824,258,B,0.6210594907329884,217,B,0.0,1.0,0.0,B,Net
357,Normal,Decreasing,199.02,3.1,5.01072,18,Yes,Small,0.5130607099072151,324,B,0.5701632208246558,375,C,0.0,0.15000000000000013,0.8499999999999999,C,Frontière
358,High,Increasing,147.58,1.19,8.95234,16,Yes,Large,0.6229872006838197,101,A,0.6942199006918037,78,A,1.0,0.0,0.0,A,Net
359,Low,Unknown,19.57,3.22,0.79693,2,No,Medium,0.3037766467173398,674,C,0.4296468979914629,664,C,0.0,0.0,1.0,C,Net
360,Low,Decreasing,15.55,4.15,7.41318,27,Yes,Medium,0.6061693300694715,124,A,0.6532067265253062,157,B,0.26428571428571446,0.7357142857142855,0.0,B,Frontière
361,High,Stable,106.24,4.76,5.09023,2,No,Medium,0.5514538062142824,215,B,0.6330249914845639,189,B,0.0,1.0,0.0,B,Net
362,Low,Increasing,99.93,1.53,4.44896,8,No,Small,0.34919086178769054,651,C,0.45327283500974724,644,C,0.0,0.0,1.0,C,Net
363,High,Increasing,44.08,0.14,4.89634,15,Yes,Medium,0.415011970818082,544,C,0.5248420245871325,488,C,0.0,0.0,1.0,C,Net
364,High,Ending,125.93,1.74,7.23543,10,Yes,Large,0.5521745990537256,212,B,0.622642315729566,213,B,0.0,1.0,0.0,B,Net
365,Normal,Ending,147.52,2.69,2.69933,10,Yes,Large,0.47000086860358803,432,C,0.5469667222540409,436,C,0.0,0.0,1.0,C,Net
366,Low,Stable,11.77,0.78,4.55553,29,No,Small,0.4411265476282146,490,C,0.507267360778152,524,C,0.0,0.0,1.0,C,Net
367,High,Ending,164.52,1.53,6.24296,17,No,Medium,0.568432807555434,182,B,0.63822042035071,175,B,0.00714285714285723,0.9928571428571428,0.0,B,Frontière
368,Low,Stable,153.86,0.25,2.63181,5,Yes,Small,0.20313378927776918,697,C,0.3504808264711762,695,C,0.0,0.0,1.0,C,Net
369,Low,Increasing,10.21,3.46,6.41614,28,No,Medium,0.6043428876452771,133,A,0.6664688642556078,129,A,0.6642857142857144,0.33571428571428563,0.0,A,Frontière
370,High,Unknown,4.11,1.47,1.96045,12,No,Medium,0.38364425810709,615,C,0.5026011640631669,539,C,0.0,0.0,1.0,C,Net
371,Low,Increasing,116.13,0.59,0.31541,7,Yes,Medium,0.22355707148291828,692,C,0.37852497613747543,684,C,0.0,0.0,1.0,C,Net
372,Low,Ending,66.52,3.57,8.1917,24,Yes,Large,0.636806881319411,79,A,0.6801559113086002,100,A,1.0,0.0,0.0,A,Net
373,Normal,Ending,70.23,4.48,0.83546,26,No,Large,0.5704797935633753,180,B,0.6453055314668262,167,B,0.12142857142857152,0.8785714285714284,0.0,B,Frontière
374,Low,Stable,182.78,0.86,6.94459,22,Yes,Medium,0.5136094337210828,321,B,0.5925763001770031,303,B,0.0,1.0,0.0,B,Net
375,Normal,Increasing,162.94,1.25,8.73282,22,No,Small,0.5786901222252462,171,B,0.6435228358841507,169,B,0.09285714285714287,0.9071428571428571,0.0,B,Frontière
376,High,Unknown,14.11,3.5,3.85671,23,No,Large,0.6174962015483244,105,A,0.6808008343731021,97,A,1.0,0.0,0.0,A,Net
377,Low,Stable,11.35,4.38,1.41614,29,No,Medium,0.5203394571519993,305,B,0.600751227616559,276,B,0.0,1.0,0.0,B,Net
378,High,Stable,71.99,1.74,2.13704,8,No,Large,0.459960655418935,452,C,0.5523190368994604,419,C,0.0,0.0,1.0,C,Net
379,Low,Unknown,23.2,3.59,2.04539,23,Yes,Large,0.49482771558092453,376,C,0.5662021911181426,388,C,0.0,0.0,1.0,C,Net
380,Low,Decreasing,168.65,0.54,8.53507,19,No,Large,0.5859333875723161,160,B,0.6460357366198092,166,B,0.1357142857142857,0.8642857142857143,0.0,B,Frontière
381,Low,Increasing,4.68,0.27,8.47954,15,Yes,Small,0.4051470318326345,567,C,0.4701747431363142,609,C,0.0,0.0,1.0,C,Net
382,High,Ending,146.76,1.21,8.37884,2,Yes,Large,0.5182013125885493,312,B,0.5961308618487994,293,B,0.0,1.0,0.0,B,Net
383,Low,Stable,121.18,1.33,5.18279,29,No,Large,0.5838325173945014,163,B,0.6529940280015797,159,B,0.23571428571428582,0.7642857142857142,0.0,B,Frontière
384,Low,Increasing,51.46,2.79,2.77048,17,Yes,Large,0.4666621567891194,439,C,0.5460113238129102,440,C,0.0,0.0,1.0,C,Net
385,Low,Stable,27.38,4.8,7.93365,22,Yes,Large,0.6745456655166043,45,A,0.708509453379318,55,A,1.0,0.0,0.0,A,Net
386,Normal,Stable,31.03,4.24,9.95616,11,Yes,Large,0.650272938529811,63,A,0.7077184487487357,56,A,1.0,0.0,0.0,A,Net
387,Low,Decreasing,184.39,4.83,1.41789,3,Yes,Medium,0.4344348749837391,507,C,0.4924504485331068,558,C,0.0,0.0,1.0,C,Net
388,High,Decreasing,129.7,3.1,3.06494,17,Yes,Small,0.46140953337231666,447,C,0.5332954423234949,468,C,0.0,0.0,1.0,C,Net
389,Normal,Decreasing,105.57,0.99,8.77606,24,Yes,Medium,0.5673329086406859,184,B,0.637769773320152,178,B,0.0,1.0,0.0,B,Net
390,Low,Decreasing,75.35,2.77,4.91359,24,Yes,Large,0.5538159799180857,208,B,0.6079375896706395,254,B,0.0,1.0,0.0,B,Net
391,High,Ending,122.21,2.83,6.19576,24,Yes,Small,0.5523883258047778,211,B,0.6106580993239692,243,B,0.0,1.0,0.0,B,Net
392,Low,Increasing,111.17,3.27,4.17881,29,Yes,Large,0.6058603916368538,125,A,0.6588523027756811,150,B,0.36428571428571427,0.6357142857142857,0.0,B,Frontière
393,Normal,Ending,130.21,1.44,0.80596,19,No,Large,0.4665287834456849,440,C,0.5471217842739172,435,C,0.0,0.0,1.0,C,Net
394,High,Stable,183.58,2.17,9.12967,22,Yes,Large,0.7243454685347143,15,A,0.7589264116602129,14,A,1.0,0.0,0.0,A,Net
395,Low,Ending,32.01,3.62,3.45528,16,No,Large,0.5137077553911624,319,B,0.577456875507752,354,C,0.0,0.4500000000000002,0.5499999999999998,C,Frontière
396,Normal,Ending,117.13,1.13,6.6279,3,No,Medium,0.4279508787184766,519,C,0.5318842779216209,472,C,0.0,0.0,1.0,C,Net
397,High,Increasing,154.64,2.93,1.28592,5,Yes,Small,0.38788407068617614,605,C,0.4598182119193768,630,C,0.0,0.0,1.0,C,Net
398,Normal,Decreasing,98.96,3.37,0.88546,3,No,Medium,0.3854785467776807,607,C,0.4883260265901125,567,C,0.0,0.0,1.0,C,Net
399,High,Decreasing,107.06,4.24,3.08556,20,Yes,Medium,0.5554108773448306,205,B,0.6266628534978369,203,B,0.0,1.0,0.0,B,Net
400,Normal,Stable,28.94,4.18,6.89583,21,Yes,Medium,0.6167533076865819,109,A,0.6654571459956394,132,A,0.6214285714285716,0.37857142857142845,0.0,A,Frontière
401,Low,Unknown,31.72,1.78,0.75265,5,No,Large,0.35187872940699805,648,C,0.44012257224369983,653,C,0.0,0.0,1.0,C,Net
402,Normal,Ending,145.33,3.36,6.11076,20,No,Large,0.6778330062041471,42,A,0.7044278583730815,62,A,1.0,0.0,0.0,A,Net
403,Low,Ending,138.86,2.31,5.83442,12,No,Large,0.5373440492420641,254,B,0.5961923251608604,291,B,0.0,1.0,0.0,B,Net
404,High,Ending,15.29,1.74,0.5034,5,No,Large,0.385091604792876,609,C,0.4733939739892295,605,C,0.0,0.0,1.0,C,Net
405,Low,Stable,113.13,4.02,3.77921,25,Yes,Medium,0.5460675765985196,235,B,0.6142326629101398,231,B,0.0,1.0,0.0,B,Net
406,High,Decreasing,14.36,3.8,2.2453,2,Yes,Small,0.3556175659465379,644,C,0.43166918193904175,660,C,0.0,0.0,1.0,C,Net
407,Low,Unknown,151.81,0.21,0.22715,29,No,Medium,0.4203561170777301,537,C,0.5014210302880328,541,C,0.0,0.0,1.0,C,Net
408,Normal,Stable,163.67,3.42,2.92541,19,No,Large,0.6050851583236723,129,A,0.6654228578823744,133,A,0.6071428571428573,0.3928571428571427,0.0,A,Frontière
409,Low,Increasing,7.01,0.12,1.59722,4,No,Medium,0.22018789400982972,694,C,0.375390072990799,688,C,0.0,0.0,1.0,C,Net
410,Low,Decreasing,29.44,3.56,2.48224,23,Yes,Large,0.5032680989205021,350,B,0.5669099932610017,385,C,0.0,0.007142857142857784,0.9928571428571422,C,Frontière
411,Normal,Ending,140.89,1.47,4.20572,0,No,Small,0.3254749176520424,668,C,0.4330033964551218,658,C,0.0,0.0,1.0,C,Net
412,High,Stable,21.32,3.43,9.21536,5,Yes,Medium,0.5466184617422637,231,B,0.6330720670617143,188,B,0.0,1.0,0.0,B,Net
413,Low,Increasing,36.3,1.77,8.86604,21,No,Small,0.5215033183533101,301,B,0.5868811757093318,323,B,0.0,0.8928571428571432,0.10714285714285676,B,Frontière
414,Normal,Decreasing,172.95,2.23,1.89848,26,No,Small,0.4849636299776009,397,C,0.5505433522584791,426,C,0.0,0.0,1.0,C,Net
415,High,Decreasing,7.49,4.58,7.39101,22,No,Medium,0.6975553872770998,30,A,0.7265692704317694,37,A,1.0,0.0,0.0,A,Net
416,High,Increasing,44.01,3.61,2.92948,18,No,Small,0.4960375714938489,369,C,0.5722337050107211,369,C,0.0,0.23571428571428565,0.7642857142857143,C,Frontière
417,Normal,Unknown,5.46,1.74,8.31372,14,Yes,Small,0.45364870063211843,463,C,0.5277328183153956,475,C,0.0,0.0,1.0,C,Net
418,Normal,Increasing,118.28,0.66,2.00531,13,Yes,Small,0.30118396487651744,676,C,0.41826810453425584,670,C,0.0,0.0,1.0,C,Net
419,Low,Ending,190.56,0.44,9.73988,29,No,Medium,0.5970570876974112,146,B,0.673167088929371,117,A,0.835714285714286,0.16428571428571404,0.0,A,Frontière
420,Normal,Decreasing,5.02,0.38,7.47576,14,Yes,Small,0.3952867574761611,591,C,0.4691799984397751,612,C,0.0,0.0,1.0,C,Net
421,Normal,Ending,164.95,2.21,2.25828,12,No,Small,0.394333680644443,594,C,0.48153659241591457,590,C,0.0,0.0,1.0,C,Net
422,Low,Ending,148.19,4.72,7.21921,3,No,Large,0.5862179075975583,159,B,0.6446205715108956,168,B,0.10714285714285707,0.8928571428571429,0.0,B,Frontière
423,High,Decreasing,165.27,4.13,8.77472,19,Yes,Medium,0.7023105194795088,27,A,0.7372166067709518,28,A,1.0,0.0,0.0,A,Net
424,Low,Stable,96.67,1.94,5.0947,17,No,Small,0.43779462776638683,496,C,0.5158632232822028,507,C,0.0,0.0,1.0,C,Net
425,High,Ending,89.6,0.58,6.66415,8,Yes,Large,0.47769986169817574,415,C,0.5607843446873045,400,C,0.0,0.0,1.0,C,Net
426,Low,Stable,124.67,2.13,5.4138,15,No,Small,0.45026739509193997,465,C,0.5251004062728846,487,C,0.0,0.0,1.0,C,Net
427,Normal,Ending,63.64,3.29,1.71793,13,Yes,Large,0.45699560148383717,459,C,0.5364279529128856,458,C,0.0,0.0,1.0,C,Net
428,High,Decreasing,97.49,2.78,0.17807,9,No,Small,0.3761621958726514,627,C,0.4532975354082169,643,C,0.0,0.0,1.0,C,Net
429,Normal,Decreasing,107.03,4.73,7.38903,28,Yes,Small,0.6376848309491339,78,A,0.6797332114944604,102,A,1.0,0.0,0.0,A,Net
430,Low,Ending,77.02,2.64,3.33709,10,Yes,Small,0.3184069545519587,670,C,0.4116233107801437,673,C,0.0,0.0,1.0,C,Net
431,Normal,Unknown,64.19,4.27,5.15329,7,Yes,Large,0.542013708636584,241,B,0.6084798812864816,251,B,0.0,1.0,0.0,B,Net
432,Low,Unknown,6.11,1.02,7.36462,6,No,Medium,0.40527611274734293,566,C,0.5054951175843383,531,C,0.0,0.0,1.0,C,Net
433,Low,Decreasing,106.0,2.79,3.41259,14,No,Small,0.40895367687283835,556,C,0.48189433565556755,589,C,0.0,0.0,1.0,C,Net
434,Low,Decreasing,153.09,1.98,1.53718,3,Yes,Large,0.37557562834686714,628,C,0.44454923164811544,649,C,0.0,0.0,1.0,C,Net
435,High,Stable,88.73,0.37,2.21873,28,No,Medium,0.4821272942313891,405,C,0.5818092017227375,339,B,0.0,0.6642857142857143,0.33571428571428574,B,Frontière
436,High,Decreasing,41.52,3.42,5.25209,12,No,Large,0.5983173868948858,143,B,0.6541243686098774,154,B,0.3071428571428573,0.6928571428571427,0.0,B,Frontière
437,Normal,Increasing,65.44,4.11,8.66848,24,No,Small,0.6493232914428014,64,A,0.7018814681885537,65,A,1.0,0.0,0.0,A,Net
438,Normal,Unknown,16.94,3.83,8.50334,7,No,Small,0.5242685804922216,292,B,0.5871068268188078,321,B,0.0,0.9214285714285716,0.0785714285714284,B,Frontière
439,Low,Decreasing,85.59,4.95,9.09235,9,Yes,Small,0.5357519086705848,256,B,0.5843449393089324,332,B,0.0,0.7642857142857143,0.23571428571428565,B,Frontière
440,High,Decreasing,116.4,2.13,7.4984,9,Yes,Small,0.478012264694005,410,C,0.546806761526065,438,C,0.0,0.0,1.0,C,Net
441,Normal,Increasing,22.64,3.34,1.73596,14,No,Large,0.5018399985267659,354,C,0.5834377792129705,335,B,0.0,0.7214285714285715,0.27857142857142847,B,Frontière
442,High,Stable,28.38,2.04,8.484,30,No,Small,0.5978083643735196,145,B,0.679887909035557,101,A,1.0,0.0,0.0,A,Net
443,Normal,Increasing,7.61,1.0,2.20035,16,No,Large,0.4436592990345478,481,C,0.5346304292909196,464,C,0.0,0.0,1.0,C,Net
444,Low,Decreasing,101.37,0.29,7.61579,0,Yes,Small,0.33681953169015155,661,C,0.3915428623273382,679,C,0.0,0.0,1.0,C,Net
445,Low,Decreasing,13.96,3.04,7.82282,30,Yes,Small,0.5395666089867994,250,B,0.591464599169129,309,B,0.0,1.0,0.0,B,Net
446,Normal,Ending,131.63,0.73,8.63748,19,Yes,Medium,0.5280191150125786,276,B,0.6063752551514231,258,B,0.0,1.0,0.0,B,Net
447,High,Decreasing,147.3,0.55,8.20871,2,No,Medium,0.4864454510760833,395,C,0.5769127125829612,355,C,0.0,0.4357142857142857,0.5642857142857143,C,Frontière
448,Low,Unknown,68.1,3.42,0.75992,18,Yes,Small,0.3590135791556408,642,C,0.4365861018551936,657,C,0.0,0.0,1.0,C,Net
449,High,Ending,181.64,0.74,5.63767,19,Yes,Large,0.556263307510469,204,B,0.6249381256237764,207,B,0.0,1.0,0.0,B,Net
450,Low,Stable,192.63,4.53,0.25138,10,Yes,Large,0.4838909359233691,401,C,0.5464085249617155,439,C,0.0,0.0,1.0,C,Net
451,Low,Increasing,191.93,0.34,0.7508,7,Yes,Large,0.3459353133231117,652,C,0.4327282353740833,659,C,0.0,0.0,1.0,C,Net
452,High,Stable,172.91,0.64,7.34745,3,Yes,Large,0.5073801990123595,336,B,0.5918758956243894,308,B,0.0,1.0,0.0,B,Net
453,High,Decreasing,195.2,3.1,6.55514,16,No,Medium,0.6549921149780593,61,A,0.6946938384020436,77,A,1.0,0.0,0.0,A,Net
454,Low,Unknown,69.33,3.08,1.93631,29,Yes,Medium,0.47320256975333813,425,C,0.5574377205469185,405,C,0.0,0.0,1.0,C,Net
455,Low,Increasing,92.47,2.96,3.33147,0,No,Large,0.44046430191780345,491,C,0.520890751388313,498,C,0.0,0.0,1.0,C,Net
456,Low,Stable,125.86,2.94,0.74025,9,No,Large,0.44439514177375367,478,C,0.5213663231760023,495,C,0.0,0.0,1.0,C,Net
457,High,Stable,69.38,3.27,4.14026,2,Yes,Medium,0.43621451437923897,503,C,0.5365805341112916,457,C,0.0,0.0,1.0,C,Net
458,Normal,Ending,38.29,3.63,5.273,0,Yes,Small,0.3774560914627329,624,C,0.4523295504435837,646,C,0.0,0.0,1.0,C,Net
459,Low,Increasing,47.6,1.68,1.0271,10,No,Large,0.39020769219379675,601,C,0.4793028703785069,595,C,0.0,0.0,1.0,C,Net
460,Low,Increasing,155.67,1.0,9.29238,11,Yes,Small,0.4642524074852502,443,C,0.5274060304940472,476,C,0.0,0.0,1.0,C,Net
461,Normal,Stable,194.2,0.32,8.83453,6,Yes,Medium,0.48229228718932765,404,C,0.572274767325917,368,C,0.0,0.2500000000000001,0.7499999999999999,C,Frontière
462,High,Ending,158.61,1.51,5.7559,5,Yes,Large,0.4951494181277448,375,C,0.5739491221122817,364,C,0.0,0.30714285714285794,0.6928571428571421,C,Frontière
463,Normal,Decreasing,192.37,2.96,6.81927,27,Yes,Medium,0.6631773870581934,57,A,0.6923487594721648,80,A,1.0,0.0,0.0,A,Net
464,Low,Decreasing,51.13,0.92,6.47739,2,No,Small,0.33130415720135287,664,C,0.4141904700573317,671,C,0.0,0.0,1.0,C,Net
465,Low,Unknown,185.62,2.72,7.12937,6,Yes,Medium,0.48740833649510734,393,C,0.5650677387737427,391,C,0.0,0.0,1.0,C,Net
466,Low,Decreasing,160.1,2.38,7.84277,28,Yes,Small,0.5572713164915324,202,B,0.6049765340584902,262,B,0.0,1.0,0.0,B,Net
467,High,Stable,169.66,4.05,0.73252,28,No,Medium,0.578895696906491,170,B,0.6739780090622468,113,A,0.8928571428571429,0.1071428571428571,0.0,A,Frontière
468,Normal,Unknown,79.39,2.18,3.48323,2,No,Large,0.4441705151308619,480,C,0.5332427300850773,469,C,0.0,0.0,1.0,C,Net
469,Low,Unknown,102.88,0.17,8.27281,11,No,Small,0.42439423575769036,528,C,0.4938262277490787,556,C,0.0,0.0,1.0,C,Net
470,High,Increasing,187.99,1.52,2.54347,19,No,Small,0.47326704968939026,424,C,0.5529587125395171,416,C,0.0,0.0,1.0,C,Net
471,Normal,Unknown,140.64,4.3,2.8221,26,No,Medium,0.6032359031888695,134,A,0.6710916275165973,120,A,0.7928571428571431,0.20714285714285685,0.0,A,Frontière
472,Low,Unknown,75.56,2.06,2.77955,19,No,Small,0.39222069062570797,599,C,0.47471440109836643,603,C,0.0,0.0,1.0,C,Net
473,Normal,Ending,117.83,4.16,8.96694,10,No,Large,0.6846376668920219,37,A,0.7216921923089328,43,A,1.0,0.0,0.0,A,Net
474,Low,Decreasing,81.03,1.69,5.13305,27,No,Medium,0.5200014719633302,309,B,0.5937749696181133,300,B,0.0,1.0,0.0,B,Net
475,Low,Unknown,125.67,2.62,1.00673,8,Yes,Small,0.2937236736088625,679,C,0.38698674591256,680,C,0.0,0.0,1.0,C,Net
476,High,Decreasing,77.5,4.94,2.84801,27,No,Large,0.6673264949061877,51,A,0.7313884819999987,35,A,1.0,0.0,0.0,A,Net
477,Normal,Unknown,29.82,3.65,1.60388,0,Yes,Large,0.4082956863092803,561,C,0.4851998909632089,578,C,0.0,0.0,1.0,C,Net
478,Low,Unknown,90.02,4.85,2.34392,7,Yes,Large,0.48178859967867727,406,C,0.5468872285947832,437,C,0.0,0.0,1.0,C,Net
479,High,Increasing,79.98,1.6,3.71391,28,Yes,Medium,0.5216553589820447,299,B,0.6134402557337629,233,B,0.0,1.0,0.0,B,Net
480,Normal,Decreasing,131.15,0.61,5.79201,19,No,Medium,0.5020984024607851,353,C,0.5879550249000935,318,B,0.0,0.9642857142857144,0.03571428571428559,B,Frontière
481,Low,Ending,47.85,2.05,5.33575,21,No,Small,0.44336664259423086,485,C,0.5086795747361641,521,C,0.0,0.0,1.0,C,Net
482,Low,Stable,125.52,4.81,5.49009,8,No,Medium,0.5517345503141796,214,B,0.6186659194261069,220,B,0.0,1.0,0.0,B,Net
483,Low,Stable,27.38,3.15,1.56448,10,No,Small,0.3305879011879062,665,C,0.4296934959125497,663,C,0.0,0.0,1.0,C,Net
484,Normal,Unknown,193.24,2.3,6.41776,18,No,Medium,0.6113825458200228,120,A,0.6609115995055144,142,B,0.4785714285714286,0.5214285714285714,0.0,B,Frontière
485,Low,Decreasing,148.83,2.35,0.87734,3,No,Small,0.2938452471045571,678,C,0.3808535604884871,683,C,0.0,0.0,1.0,C,Net
486,Low,Ending,121.0,0.13,1.49819,22,No,Large,0.43097821236538125,510,C,0.5002325601796119,545,C,0.0,0.0,1.0,C,Net
487,High,Unknown,77.92,4.5,8.57522,11,Yes,Medium,0.623544261798243,100,A,0.6873386783144547,90,A,1.0,0.0,0.0,A,Net
488,Normal,Stable,109.3,3.22,8.41414,23,Yes,Medium,0.6583858718642989,58,A,0.6978734728944883,72,A,1.0,0.0,0.0,A,Net
489,High,Increasing,147.51,3.45,5.27958,8,No,Large,0.6188968719140165,103,A,0.6804410384620828,98,A,1.0,0.0,0.0,A,Net
490,Normal,Unknown,94.97,2.42,3.71715,7,Yes,Small,0.3526853290771554,646,C,0.4532670632285208,645,C,0.0,0.0,1.0,C,Net
491,Normal,Stable,185.42,2.0,6.82473,23,Yes,Small,0.5466786469624016,230,B,0.6061073818205996,260,B,0.0,1.0,0.0,B,Net
492,Low,Unknown,199.49,4.18,2.88666,17,Yes,Medium,0.5097092127432201,335,B,0.5817701817421282,340,B,0.0,0.6500000000000004,0.34999999999999964,B,Frontière
493,Low,Increasing,143.04,2.42,6.31954,2,Yes,Large,0.4833210509304314,403,C,0.5545622417681282,413,C,0.0,0.0,1.0,C,Net
494,Normal,Stable,129.09,0.07,8.10856,1,No,Small,0.4085336682755379,559,C,0.486834889704783,573,C,0.0,0.0,1.0,C,Net
495,Low,Ending,179.89,1.76,2.19631,12,No,Large,0.45358726625244855,464,C,0.5255616893062647,484,C,0.0,0.0,1.0,C,Net
496,Normal,Increasing,19.8,2.56,3.47452,5,No,Large,0.46112011307634543,449,C,0.5507378049454934,424,C,0.0,0.0,1.0,C,Net
497,Low,Unknown,173.87,4.03,7.80006,13,No,Large,0.6652924525009198,54,A,0.7066031413825345,58,A,1.0,0.0,0.0,A,Net
498,High,Stable,197.31,0.08,9.25177,0,No,Medium,0.5046184163884408,347,B,0.5986931246029509,284,B,0.0,1.0,0.0,B,Net
499,High,Stable,55.46,1.54,6.8335,23,No,Large,0.6277141829986659,95,A,0.7007355971561569,67,A,1.0,0.0,0.0,A,Net
500,Low,Unknown,90.39,3.1,7.89294,25,No,Large,0.6747547677595435,44,A,0.7179225323435056,48,A,1.0,0.0,0.0,A,Net
501,High,Unknown,1.36,4.5,7.08987,5,Yes,Medium,0.5303747655880969,270,B,0.6121784344157124,237,B,0.0,1.0,0.0,B,Net
502,High,Increasing,83.93,1.84,2.77332,26,Yes,Large,0.5473211043847258,227,B,0.6292123837864931,198,B,0.0,1.0,0.0,B,Net
503,Low,Unknown,126.8,3.47,1.37224,14,No,Large,0.4955844490058725,373,C,0.5662593052241995,387,C,0.0,0.0,1.0,C,Net
504,Normal,Stable,109.33,4.58,1.01835,0,No,Large,0.48108598011285086,407,C,0.5562722747060256,407,C,0.0,0.0,1.0,C,Net
505,Normal,Unknown,120.08,2.64,4.7091,29,No,Large,0.6538564721719122,62,A,0.7044085036148021,63,A,1.0,0.0,0.0,A,Net
506,Low,Decreasing,150.19,0.8,2.69329,19,Yes,Medium,0.3637968126831769,640,C,0.4771034396270231,598,C,0.0,0.0,1.0,C,Net
507,Normal,Increasing,174.69,1.99,8.77178,21,No,Large,0.7233078438121457,17,A,0.7494813705043996,19,A,1.0,0.0,0.0,A,Net
508,Normal,Stable,31.65,2.88,4.65657,8,No,Large,0.5173766734002047,316,B,0.5946893228346276,298,B,0.0,1.0,0.0,B,Net
509,Normal,Unknown,95.54,1.07,4.77299,22,No,Small,0.4596736638299113,453,C,0.5382861127547847,451,C,0.0,0.0,1.0,C,Net
510,Normal,Decreasing,135.82,4.72,2.31071,24,Yes,Medium,0.5602459563201845,192,B,0.6276582185651678,201,B,0.0,1.0,0.0,B,Net
511,Low,Decreasing,77.64,0.07,1.23745,28,Yes,Medium,0.3641718309926168,638,C,0.4537010682914809,642,C,0.0,0.0,1.0,C,Net
512,High,Decreasing,192.94,0.36,2.40716,19,Yes,Large,0.4808141464733263,408,C,0.5635040295601054,395,C,0.0,0.0,1.0,C,Net
513,Normal,Ending,143.26,4.51,4.97136,11,No,Small,0.525775783484266,289,B,0.5824987100314224,336,B,0.0,0.7071428571428576,0.29285714285714237,B,Frontière
514,Low,Decreasing,84.28,0.4,0.88035,15,No,Large,0.3848765919815905,612,C,0.4588786777041171,633,C,0.0,0.0,1.0,C,Net
515,Low,Stable,20.05,1.68,9.40873,15,No,Medium,0.5301658562631492,271,B,0.6104370952790314,245,B,0.0,1.0,0.0,B,Net
516,High,Increasing,157.46,0.26,7.83352,4,No,Large,0.5390168983614272,251,B,0.6247175555900224,208,B,0.0,1.0,0.0,B,Net
517,Normal,Ending,169.3,2.63,5.50512,1,Yes,Small,0.39963252263242754,583,C,0.47056273577086166,608,C,0.0,0.0,1.0,C,Net
518,High,Stable,63.06,4.85,0.98096,11,Yes,Medium,0.470966417174834,429,C,0.5617793203089142,398,C,0.0,0.0,1.0,C,Net
519,Low,Ending,9.39,0.24,7.41535,15,No,Medium,0.42919522794035253,513,C,0.5142554065231423,513,C,0.0,0.0,1.0,C,Net
520,High,Stable,4.48,2.5,8.75657,11,No,Small,0.5266135270180973,284,B,0.6015517643699063,271,B,0.0,1.0,0.0,B,Net
521,High,Ending,64.89,2.08,1.46695,24,Yes,Small,0.40266011701825505,574,C,0.48537549539491637,577,C,0.0,0.0,1.0,C,Net
522,Low,Unknown,76.63,4.78,1.33034,13,Yes,Small,0.40127487833837955,578,C,0.4620705702695229,625,C,0.0,0.0,1.0,C,Net
523,Normal,Stable,148.79,0.36,7.54483,13,Yes,Small,0.43640126568026133,502,C,0.5170785887695379,504,C,0.0,0.0,1.0,C,Net
524,Low,Decreasing,105.37,4.59,2.63002,12,Yes,Medium,0.45642795668754427,461,C,0.5312414898040981,473,C,0.0,0.0,1.0,C,Net
525,Normal,Ending,99.23,2.97,5.13111,24,Yes,Medium,0.5518776081727592,213,B,0.6176599188387234,222,B,0.0,1.0,0.0,B,Net
526,Normal,Decreasing,90.7,4.48,9.43984,3,No,Small,0.5583624732891749,197,B,0.6158653919559052,227,B,0.0,1.0,0.0,B,Net
527,High,Stable,184.29,3.63,6.50818,16,Yes,Medium,0.6288734401916384,93,A,0.6863984386295903,92,A,1.0,0.0,0.0,A,Net
528,Low,Unknown,97.03,1.71,0.3523,3,No,Small,0.2256257855788725,691,C,0.34850151293151854,697,C,0.0,0.0,1.0,C,Net
529,Normal,Increasing,193.63,2.21,8.02659,30,No,Large,0.7682493410856763,4,A,0.7869189636989001,5,A,1.0,0.0,0.0,A,Net
530,High,Stable,147.18,4.77,9.55212,8,Yes,Medium,0.6410379633740514,71,A,0.7209040192599081,45,A,1.0,0.0,0.0,A,Net
531,Normal,Stable,86.43,3.22,0.25062,27,No,Medium,0.5037378703864074,349,B,0.5932916937914868,301,B,0.0,1.0,0.0,B,Net
532,High,Ending,189.27,2.06,7.10871,7,Yes,Large,0.5641479689345356,188,B,0.6320207844623864,191,B,0.0,1.0,0.0,B,Net
533,Normal,Decreasing,106.57,3.81,4.11511,3,Yes,Medium,0.44232139380912194,488,C,0.5305100928878008,474,C,0.0,0.0,1.0,C,Net
534,Normal,Stable,150.15,0.23,9.31529,25,Yes,Small,0.5322300819969714,265,B,0.6027408751721252,267,B,0.0,1.0,0.0,B,Net
535,Low,Increasing,76.58,4.75,0.59711,14,Yes,Small,0.4004139487439927,580,C,0.4608605089075518,627,C,0.0,0.0,1.0,C,Net
536,High,Ending,49.24,1.09,5.81083,12,No,Small,0.4207728536812189,535,C,0.5076974399002921,523,C,0.0,0.0,1.0,C,Net
537,High,Decreasing,124.44,4.05,0.72904,5,No,Large,0.5008483775183552,355,C,0.5762175160329883,356,C,0.0,0.42142857142857126,0.5785714285714287,C,Frontière
538,High,Decreasing,41.03,3.79,8.35066,30,Yes,Medium,0.7085193828311521,24,A,0.7392303450170579,26,A,1.0,0.0,0.0,A,Net
539,High,Unknown,77.08,2.74,2.2893,13,Yes,Large,0.4875882263689176,392,C,0.5708219138716906,374,C,0.0,0.1642857142857146,0.8357142857142854,C,Frontière
540,Normal,Decreasing,101.25,3.44,5.16774,1,No,Large,0.5255475226167013,290,B,0.5927779103079158,302,B,0.0,1.0,0.0,B,Net
541,Low,Decreasing,78.62,1.64,7.67917,26,Yes,Small,0.4931422367692709,383,C,0.5495500104995682,429,C,0.0,0.0,1.0,C,Net
542,High,Unknown,145.39,3.0,1.71729,11,Yes,Small,0.40831479273192267,560,C,0.48705496868999665,572,C,0.0,0.0,1.0,C,Net
543,High,Increasing,154.48,0.08,2.01703,24,No,Small,0.43905410364686903,494,C,0.5184811184237544,502,C,0.0,0.0,1.0,C,Net
544,High,Decreasing,89.41,3.53,7.20014,12,No,Large,0.670358567338387,48,A,0.7061268440799044,59,A,1.0,0.0,0.0,A,Net
545,Normal,Decreasing,51.52,1.32,9.40223,23,Yes,Small,0.5216267410776099,300,B,0.5850587951170193,328,B,0.0,0.8214285714285716,0.17857142857142838,B,Frontière
546,High,Decreasing,128.14,4.93,8.54536,26,No,Large,0.8894956624341978,1,A,0.8438273408140662,1,A,1.0,0.0,0.0,A,Net
547,Normal,Stable,197.38,3.95,3.95628,25,No,Medium,0.6414069156639417,70,A,0.69911247941664,68,A,1.0,0.0,0.0,A,Net
548,High,Increasing,106.74,0.15,3.49709,25,Yes,Small,0.42539779318353244,524,C,0.5089377650679722,520,C,0.0,0.0,1.0,C,Net
549,Normal,Unknown,77.77,2.28,2.56979,26,Yes,Medium,0.47470788773517153,421,C,0.5683769732874505,383,C,0.0,0.0357142857142867,0.9642857142857133,C,Frontière
550,Low,Stable,125.42,0.09,4.87048,25,Yes,Large,0.48869325315160755,388,C,0.566856595940506,386,C,0.0,0.0,1.0,C,Net
551,Normal,Unknown,154.97,1.32,0.66787,3,No,Large,0.39464533742975505,592,C,0.48440182444469443,581,C,0.0,0.0,1.0,C,Net
552,High,Unknown,90.19,1.05,3.37791,9,No,Medium,0.4087147798325109,557,C,0.5263960994609279,480,C,0.0,0.0,1.0,C,Net
553,Normal,Ending,114.82,3.72,6.51157,13,Yes,Large,0.6004085395760234,140,A,0.649553732335061,163,B,0.17857142857142852,0.8214285714285715,0.0,B,Frontière
554,Low,Decreasing,102.99,0.37,7.34351,19,Yes,Large,0.5042862714338341,348,B,0.5713387351494376,371,C,0.0,0.20714285714285796,0.792857142857142,C,Frontière
555,Normal,Increasing,97.7,0.86,3.15226,16,No,Small,0.3879456001765496,604,C,0.4841306238017485,582,C,0.0,0.0,1.0,C,Net
556,Normal,Stable,11.12,3.63,2.05438,2,Yes,Large,0.419731584995724,539,C,0.5028877793415103,538,C,0.0,0.0,1.0,C,Net
557,Low,Stable,103.61,0.11,3.95997,21,No,Small,0.384056291235676,613,C,0.4659413065636261,615,C,0.0,0.0,1.0,C,Net
558,Normal,Stable,22.37,0.49,3.27952,6,Yes,Large,0.37016206146307945,634,C,0.46337484364649056,620,C,0.0,0.0,1.0,C,Net
559,Low,Unknown,8.06,2.55,4.78494,6,Yes,Small,0.308863317144138,672,C,0.41301759069500665,672,C,0.0,0.0,1.0,C,Net
560,Low,Increasing,162.68,2.17,6.94139,23,No,Small,0.5500897549452998,217,B,0.6075048262484332,256,B,0.0,1.0,0.0,B,Net
561,Low,Increasing,105.76,0.54,0.24309,30,No,Medium,0.42878655017513134,516,C,0.5104463437261394,517,C,0.0,0.0,1.0,C,Net
562,Normal,Unknown,141.04,2.83,2.853,0,Yes,Medium,0.3804027883679822,619,C,0.4835828414123113,585,C,0.0,0.0,1.0,C,Net
563,High,Ending,31.59,3.81,4.76064,19,No,Large,0.6328346575658205,82,A,0.6810325399842481,96,A,1.0,0.0,0.0,A,Net
564,Normal,Stable,159.35,2.57,7.31608,17,No,Medium,0.6291084871824495,91,A,0.6766095972766264,108,A,0.9642857142857144,0.03571428571428559,0.0,A,Frontière
565,High,Increasing,128.11,3.31,2.93268,9,No,Medium,0.5071867996912106,337,B,0.5980749665518811,286,B,0.0,1.0,0.0,B,Net
566,Low,Stable,190.77,0.19,1.47067,1,No,Small,0.20100271055805083,698,C,0.3487886387572208,696,C,0.0,0.0,1.0,C,Net
567,Low,Unknown,142.37,4.93,1.05068,26,No,Small,0.5124050715030519,327,B,0.5710106046791745,373,C,0.0,0.17857142857142905,0.821428571428571,C,Frontière
568,High,Decreasing,55.27,0.38,2.98502,26,Yes,Small,0.40187861653371043,576,C,0.4801282477493915,592,C,0.0,0.0,1.0,C,Net
569,Low,Decreasing,153.74,3.67,3.42521,3,No,Small,0.4040619491531808,571,C,0.4657930101119538,617,C,0.0,0.0,1.0,C,Net
570,Normal,Stable,165.91,3.97,1.32443,5,No,Small,0.4266379030380619,521,C,0.4963373315875826,553,C,0.0,0.0,1.0,C,Net
571,Low,Decreasing,10.34,2.65,1.78464,29,Yes,Small,0.3985261168818262,586,C,0.4627731961001199,622,C,0.0,0.0,1.0,C,Net
572,Normal,Increasing,103.88,1.53,3.75728,7,No,Medium,0.40755465453827305,564,C,0.5273073781998323,477,C,0.0,0.0,1.0,C,Net
573,Low,Unknown,125.18,2.41,7.13006,3,Yes,Medium,0.43962301499567286,493,C,0.5263805799510985,481,C,0.0,0.0,1.0,C,Net
574,Normal,Decreasing,25.35,3.14,3.89459,27,No,Small,0.5116852839561259,330,B,0.5759352170505645,358,C,0.0,0.39285714285714357,0.6071428571428564,C,Frontière
575,Normal,Unknown,117.81,1.97,6.9065,24,Yes,Large,0.6290898242375292,92,A,0.6739755943960815,114,A,0.8785714285714288,0.12142857142857122,0.0,A,Frontière
576,Normal,Unknown,129.62,3.78,5.96963,2,No,Medium,0.5224412265599493,295,B,0.5999709608919136,277,B,0.0,1.0,0.0,B,Net
577,Low,Stable,74.2,4.98,8.63148,17,Yes,Medium,0.6251170230767185,96,A,0.678512953309184,104,A,1.0,0.0,0.0,A,Net
578,High,Decreasing,37.94,2.06,2.96424,16,No,Medium,0.4582439849476639,456,C,0.5587266176883596,403,C,0.0,0.0,1.0,C,Net
579,Low,Decreasing,32.16,1.37,8.75915,18,Yes,Large,0.5351635988919997,259,B,0.5995788540592675,278,B,0.0,1.0,0.0,B,Net
580,High,Increasing,25.18,3.49,7.71657,3,Yes,Large,0.5574108718706666,200,B,0.6380744290139257,176,B,0.0,1.0,0.0,B,Net
581,Normal,Decreasing,48.57,4.2,6.36737,30,No,Small,0.6173285110588523,106,A,0.6687732139346936,122,A,0.7642857142857145,0.23571428571428554,0.0,A,Frontière
582,High,Decreasing,136.82,1.62,3.43298,14,Yes,Small,0.3988785790313209,584,C,0.48705648954661385,571,C,0.0,0.0,1.0,C,Net
583,High,Unknown,10.96,0.37,0.66778,6,No,Large,0.37290379476119767,633,C,0.45554354409500564,640,C,0.0,0.0,1.0,C,Net
584,Low,Decreasing,124.31,2.52,4.18376,29,Yes,Medium,0.5219423516950171,298,B,0.5902181029077109,313,B,0.0,1.0,0.0,B,Net
585,Normal,Stable,190.69,0.85,6.82026,21,No,Large,0.6311861851578587,86,A,0.6847281940001609,94,A,1.0,0.0,0.0,A,Net
586,Low,Decreasing,92.3,0.88,7.94593,22,Yes,Medium,0.49699711135852515,365,C,0.5730461920465569,366,C,0.0,0.278571428571429,0.721428571428571,C,Frontière
587,Normal,Ending,86.82,0.88,3.21706,9,No,Medium,0.3497013577456434,650,C,0.48373567203575485,584,C,0.0,0.0,1.0,C,Net
588,Normal,Unknown,18.9,0.97,6.95179,27,Yes,Medium,0.5136731512203081,320,B,0.6011397572175192,274,B,0.0,1.0,0.0,B,Net
589,High,Unknown,114.32,4.41,6.66106,11,Yes,Small,0.5455021328395625,236,B,0.6081451292460541,253,B,0.0,1.0,0.0,B,Net
590,Normal,Stable,5.42,1.36,1.9816,3,Yes,Small,0.22242418395527086,693,C,0.354039378263908,694,C,0.0,0.0,1.0,C,Net
591,Low,Increasing,197.99,3.4,2.40862,15,Yes,Medium,0.4685134043233163,435,C,0.5521053796783808,421,C,0.0,0.0,1.0,C,Net
592,Low,Decreasing,54.05,1.3,0.82386,7,No,Small,0.21856961166926345,696,C,0.34408952317746744,698,C,0.0,0.0,1.0,C,Net
593,High,Ending,40.55,1.45,8.22862,25,No,Small,0.5499759127145379,219,B,0.6230446369110698,211,B,0.0,1.0,0.0,B,Net
594,Low,Increasing,170.44,3.86,1.12107,18,No,Large,0.5419806539368089,242,B,0.6121583887615684,238,B,0.0,1.0,0.0,B,Net
595,Low,Unknown,97.83,2.65,8.52585,2,Yes,Large,0.5117118648577205,329,B,0.579415802544643,350,B,0.0,0.5071428571428575,0.49285714285714255,B,Frontière
596,High,Increasing,170.19,3.69,0.1348,19,Yes,Medium,0.49595934251193,370,C,0.585711406385057,324,B,0.0,0.8785714285714288,0.12142857142857122,B,Frontière
597,High,Decreasing,5.01,0.64,5.68617,16,Yes,Small,0.3926276209878259,597,C,0.47513117671741445,601,C,0.0,0.0,1.0,C,Net
598,Low,Decreasing,29.41,3.51,7.15973,12,Yes,Large,0.5431795840357859,239,B,0.5989501071377618,281,B,0.0,1.0,0.0,B,Net
599,Normal,Ending,42.64,3.24,4.0426,26,No,Large,0.6054974365779587,127,A,0.6635818888991899,139,A,0.5214285714285715,0.47857142857142854,0.0,A,Frontière
600,Normal,Increasing,64.31,1.97,8.29399,25,Yes,Medium,0.5978165451020284,144,B,0.6640611681742598,138,A,0.5357142857142859,0.4642857142857141,0.0,A,Frontière
601,High,Increasing,31.46,2.43,2.24817,2,Yes,Large,0.42125240306246853,534,C,0.5056700278322681,530,C,0.0,0.0,1.0,C,Net
602,High,Unknown,187.71,0.82,3.66556,5,No,Medium,0.41895195361326115,541,C,0.5330614568594617,470,C,0.0,0.0,1.0,C,Net
603,Normal,Decreasing,70.51,0.08,5.75567,16,No,Medium,0.44288383006116544,486,C,0.5428009762638446,444,C,0.0,0.0,1.0,C,Net
604,High,Increasing,100.07,2.08,7.33753,20,Yes,Medium,0.5881240811005171,156,B,0.6597810356514738,148,B,0.39285714285714296,0.607142857142857,0.0,B,Frontière
605,Low,Decreasing,129.4,4.33,3.03031,2,Yes,Large,0.46714396199626945,438,C,0.5240134398374076,489,C,0.0,0.0,1.0,C,Net
606,High,Increasing,139.55,0.04,9.7689,8,Yes,Large,0.5472259007262472,228,B,0.6360204827906691,182,B,0.0,1.0,0.0,B,Net
607,Normal,Stable,12.78,3.74,3.81995,22,Yes,Large,0.5710099759079217,178,B,0.6335532282267492,186,B,0.0,1.0,0.0,B,Net
608,High,Stable,139.47,0.05,1.37972,25,No,Small,0.42595088945578186,523,C,0.5030545543815873,537,C,0.0,0.0,1.0,C,Net
609,High,Stable,110.73,3.84,7.13249,11,No,Medium,0.633269017097956,81,A,0.6898724494075428,84,A,1.0,0.0,0.0,A,Net
610,Low,Increasing,54.44,4.4,2.08013,12,Yes,Small,0.38923466606661633,603,C,0.4633108491005473,621,C,0.0,0.0,1.0,C,Net
611,Low,Stable,108.9,1.98,1.84995,5,No,Medium,0.32607867121103196,667,C,0.4591070723458719,632,C,0.0,0.0,1.0,C,Net
612,Low,Unknown,193.75,4.18,2.45295,27,Yes,Medium,0.5496885526869566,221,B,0.6193216757179453,219,B,0.0,1.0,0.0,B,Net
613,High,Decreasing,112.31,1.5,9.97902,14,No,Medium,0.608598838332144,123,A,0.6790220337197803,103,A,1.0,0.0,0.0,A,Net
614,High,Decreasing,185.97,4.01,2.90261,15,No,Large,0.619125692577144,102,A,0.6802209518167244,99,A,1.0,0.0,0.0,A,Net
615,Low,Decreasing,146.56,0.36,4.50152,2,Yes,Small,0.2518489862600379,686,C,0.3578198793604573,692,C,0.0,0.0,1.0,C,Net
616,Normal,Unknown,60.77,4.54,2.60496,17,Yes,Large,0.5500608807962141,218,B,0.6156796315819981,230,B,0.0,1.0,0.0,B,Net
617,High,Increasing,155.07,2.78,4.51816,23,No,Large,0.6697139931821923,49,A,0.7223010918219933,42,A,1.0,0.0,0.0,A,Net
618,High,Unknown,18.35,2.43,8.71507,28,Yes,Medium,0.6323772221563394,83,A,0.6989138091287225,70,A,1.0,0.0,0.0,A,Net
619,Normal,Decreasing,65.06,1.1,4.53855,27,No,Large,0.5585630086533865,195,B,0.6318447648422172,192,B,0.0,1.0,0.0,B,Net
620,Low,Ending,25.64,1.09,3.32481,14,Yes,Large,0.383163497924795,616,C,0.4648695645902681,618,C,0.0,0.0,1.0,C,Net
621,Low,Stable,189.87,4.39,9.48163,16,No,Large,0.7289592542392874,13,A,0.7690936397641578,10,A,1.0,0.0,0.0,A,Net
622,Low,Ending,83.09,2.2,8.15742,17,No,Small,0.498977914431851,359,C,0.555403381517976,412,C,0.0,0.0,1.0,C,Net
623,Normal,Increasing,158.48,0.23,6.42327,24,Yes,Small,0.47525035659151854,420,C,0.55212103665638,420,C,0.0,0.0,1.0,C,Net
624,Low,Stable,114.65,3.25,1.92533,8,Yes,Small,0.33790885165467804,659,C,0.4229418805746258,669,C,0.0,0.0,1.0,C,Net
625,Normal,Stable,132.89,3.55,8.39915,16,No,Medium,0.673679807970447,46,A,0.7094953462896122,54,A,1.0,0.0,0.0,A,Net
626,Low,Decreasing,111.42,1.03,1.99847,30,No,Small,0.4306261863342258,511,C,0.4845393056661727,580,C,0.0,0.0,1.0,C,Net
627,Normal,Increasing,1.89,1.89,0.44465,12,Yes,Large,0.3853393723577247,608,C,0.4755285144047857,599,C,0.0,0.0,1.0,C,Net
628,High,Ending,110.24,2.81,7.84155,16,No,Large,0.6851644030790852,36,A,0.7179824052888067,47,A,1.0,0.0,0.0,A,Net
629,Normal,Ending,79.11,0.03,0.46048,2,Yes,Large,0.30198189112582835,675,C,0.3773428756916956,686,C,0.0,0.0,1.0,C,Net
630,Normal,Unknown,85.88,2.87,8.31119,20,No,Large,0.697612108812524,29,A,0.7252425212721719,39,A,1.0,0.0,0.0,A,Net
631,Normal,Decreasing,88.89,1.36,9.25904,16,No,Small,0.5276464853058134,278,B,0.5909308238773829,310,B,0.0,1.0,0.0,B,Net
632,Low,Unknown,97.71,4.16,0.92537,16,Yes,Small,0.39381083595775224,596,C,0.45819018092600977,636,C,0.0,0.0,1.0,C,Net
633,Low,Increasing,30.1,3.53,4.45905,18,Yes,Small,0.4284912250070286,517,C,0.5065432012848449,527,C,0.0,0.0,1.0,C,Net
634,Low,Unknown,154.61,2.46,8.9091,5,No,Small,0.49346579296225157,382,C,0.552806439226025,417,C,0.0,0.0,1.0,C,Net
635,High,Unknown,182.25,4.27,1.20915,29,No,Medium,0.5984249252702512,142,B,0.688901513334521,86,A,1.0,0.0,0.0,A,Net
636,Normal,Increasing,159.44,4.65,6.3762,20,No,Large,0.7575692293578274,6,A,0.767264906325802,11,A,1.0,0.0,0.0,A,Net
637,Normal,Unknown,177.39,3.51,7.89844,11,Yes,Large,0.638953253775544,75,A,0.687087870700347,91,A,1.0,0.0,0.0,A,Net
638,High,Decreasing,152.84,1.48,4.53719,13,No,Large,0.5551144345527141,206,B,0.6239515172204552,210,B,0.0,1.0,0.0,B,Net
639,Normal,Unknown,83.22,2.42,6.21254,17,Yes,Small,0.469125283486115,434,C,0.5435314320638986,442,C,0.0,0.0,1.0,C,Net
640,Normal,Ending,129.35,3.49,9.70668,19,No,Small,0.6236466189516627,99,A,0.6750469900796606,112,A,0.9071428571428574,0.09285714285714264,0.0,A,Frontière
641,High,Increasing,120.91,3.02,2.70692,20,Yes,Large,0.5673846736115703,183,B,0.6413434141124147,173,B,0.035714285714285594,0.9642857142857144,0.0,B,Frontière
642,High,Ending,13.72,2.43,4.90966,26,Yes,Medium,0.5261237385357803,287,B,0.6092565353872169,249,B,0.0,1.0,0.0,B,Net
643,Normal,Ending,146.07,4.16,4.74101,30,Yes,Large,0.6833666309091678,39,A,0.7175457052290665,49,A,1.0,0.0,0.0,A,Net
644,High,Ending,28.58,0.4,9.85338,28,No,Small,0.5490391975187411,223,B,0.6326919397292257,190,B,0.0,1.0,0.0,B,Net
645,Low,Decreasing,143.2,4.76,1.22821,5,Yes,Small,0.392431791919216,598,C,0.429855458497539,662,C,0.0,0.0,1.0,C,Net
646,High,Ending,3.65,4.9,8.85469,10,Yes,Medium,0.6018130711913176,137,A,0.6676062493606222,126,A,0.7071428571428572,0.2928571428571428,0.0,A,Frontière
647,Low,Unknown,45.62,4.8,9.86831,8,Yes,Large,0.6088779185230833,122,A,0.6734725237808324,116,A,0.8500000000000001,0.1499999999999999,0.0,A,Frontière
648,High,Ending,136.59,3.68,2.13659,15,No,Small,0.47881851352391164,409,C,0.5488902158629078,430,C,0.0,0.0,1.0,C,Net
649,High,Increasing,34.4,1.07,4.78152,4,Yes,Large,0.4384681418790432,495,C,0.5261188366759233,483,C,0.0,0.0,1.0,C,Net
650,Normal,Increasing,3.2,3.22,6.14152,2,No,Small,0.4251170316673854,525,C,0.5097082891886505,518,C,0.0,0.0,1.0,C,Net
651,High,Increasing,97.73,1.81,9.87435,22,Yes,Medium,0.6318841801921812,85,A,0.7044619555134936,61,A,1.0,0.0,0.0,A,Net
652,Normal,Unknown,199.46,2.1,5.59313,13,No,Large,0.6051721486348932,128,A,0.6539509455686366,155,B,0.2928571428571428,0.7071428571428572,0.0,B,Frontière
653,Normal,Decreasing,170.19,3.44,3.52431,17,No,Medium,0.5572973589939663,201,B,0.6227708835478393,212,B,0.0,1.0,0.0,B,Net
654,High,Increasing,171.93,2.42,9.88219,16,Yes,Medium,0.6482345495168935,65,A,0.7125305940884517,51,A,1.0,0.0,0.0,A,Net
655,High,Unknown,173.27,0.97,9.33431,2,Yes,Medium,0.5023083194301688,352,C,0.5903875192879567,311,B,0.0,1.0,0.0,B,Net
656,Normal,Decreasing,148.81,4.15,3.15869,25,Yes,Small,0.527494368161224,280,B,0.5837516411105257,334,B,0.0,0.735714285714286,0.264285714285714,B,Frontière
657,Normal,Stable,126.82,1.74,6.11565,23,No,Medium,0.5849231835895872,161,B,0.6525414908421779,160,B,0.22142857142857136,0.7785714285714287,0.0,B,Frontière
658,Normal,Decreasing,92.62,2.45,0.26295,27,Yes,Medium,0.4436574138009074,482,C,0.5339848568348191,466,C,0.0,0.0,1.0,C,Net
659,Normal,Ending,93.53,1.17,3.86357,23,Yes,Medium,0.4374815230632771,497,C,0.5409618169996845,448,C,0.0,0.0,1.0,C,Net
660,Low,Increasing,104.02,2.38,9.17789,23,No,Medium,0.6306783439137454,87,A,0.6894631846719882,85,A,1.0,0.0,0.0,A,Net
661,High,Increasing,27.78,2.66,0.25718,2,Yes,Small,0.309012043419714,671,C,0.3832460020250074,681,C,0.0,0.0,1.0,C,Net
662,Normal,Unknown,23.41,2.92,6.79332,5,No,Medium,0.48772331724166845,390,C,0.577921272078212,352,C,0.0,0.4785714285714291,0.5214285714285709,C,Frontière
663,Normal,Increasing,50.11,0.5,4.00775,20,Yes,Medium,0.40616092366085826,565,C,0.5213478851081559,496,C,0.0,0.0,1.0,C,Net
664,Low,Unknown,156.8,4.05,1.63219,14,No,Small,0.4449473053970554,476,C,0.50549287438462,532,C,0.0,0.0,1.0,C,Net
665,High,Unknown,169.24,4.85,4.05533,17,No,Medium,0.6346240048420932,80,A,0.6963369036204501,74,A,1.0,0.0,0.0,A,Net
666,Low,Stable,196.85,3.31,4.97742,18,No,Large,0.6249941271239384,98,A,0.6721191954745854,119,A,0.8071428571428573,0.19285714285714273,0.0,A,Frontière
667,Low,Unknown,106.79,3.18,8.0003,8,No,Medium,0.5418973114551305,243,B,0.6109091008750415,242,B,0.0,1.0,0.0,B,Net
668,High,Ending,7.15,0.77,6.94711,18,No,Medium,0.497711912542279,364,C,0.5922695954207872,306,B,0.0,1.0,0.0,B,Net
669,High,Ending,166.69,4.05,6.4377,7,No,Small,0.5486552397934783,224,B,0.6086109303569781,250,B,0.0,1.0,0.0,B,Net
670,Low,Decreasing,103.82,0.84,1.94401,1,Yes,Medium,0.21921177484886523,695,C,0.36622550544732724,689,C,0.0,0.0,1.0,C,Net
671,Normal,Increasing,45.17,1.5,5.10334,14,Yes,Large,0.4870931590626947,394,C,0.5717461296683221,370,C,0.0,0.2214285714285723,0.7785714285714277,C,Frontière
672,Normal,Decreasing,78.11,0.83,7.3345,20,No,Medium,0.5315217736319299,268,B,0.611775363570566,240,B,0.0,1.0,0.0,B,Net
673,Low,Decreasing,28.01,1.1,3.92317,10,Yes,Medium,0.2969244984222233,677,C,0.4314624459060567,661,C,0.0,0.0,1.0,C,Net
674,High,Decreasing,111.47,2.84,9.28629,4,No,Large,0.628538552444365,94,A,0.6922041495225805,82,A,1.0,0.0,0.0,A,Net
675,Normal,Decreasing,184.09,1.94,3.88808,22,No,Medium,0.5462660788580198,232,B,0.6170488991808272,225,B,0.0,1.0,0.0,B,Net
676,High,Increasing,100.63,0.42,5.14521,16,No,Small,0.44724979097261913,470,C,0.5325332474589611,471,C,0.0,0.0,1.0,C,Net
677,Low,Increasing,164.39,2.82,7.58083,15,No,Small,0.5434874312696004,238,B,0.5988335452934598,282,B,0.0,1.0,0.0,B,Net
678,High,Unknown,79.48,3.96,9.08658,27,No,Small,0.6756444838350628,43,A,0.7371905200410229,29,A,1.0,0.0,0.0,A,Net
679,High,Ending,29.14,4.56,5.38815,7,Yes,Medium,0.5062038495058132,341,B,0.5887357053988306,314,B,0.0,1.0,0.0,B,Net
680,Normal,Stable,22.06,1.9,8.18635,17,Yes,Large,0.5725740170636529,175,B,0.6423840888457287,170,B,0.0785714285714287,0.9214285714285713,0.0,B,Frontière
681,High,Increasing,149.81,2.03,1.16595,12,Yes,Large,0.4701215116421673,430,C,0.5556765844959575,410,C,0.0,0.0,1.0,C,Net
682,High,Unknown,110.19,2.33,6.67161,11,Yes,Small,0.47672335318319836,417,C,0.5511214661550786,422,C,0.0,0.0,1.0,C,Net
683,Normal,Ending,110.01,1.05,1.3575,21,No,Small,0.3786842575952721,622,C,0.46147010147333406,626,C,0.0,0.0,1.0,C,Net
684,Normal,Stable,26.54,0.4,9.01434,14,No,Medium,0.506626038152796,339,B,0.5994654951053483,279,B,0.0,1.0,0.0,B,Net
685,High,Stable,20.83,0.54,9.69966,11,Yes,Small,0.46633684200791686,441,C,0.5380918453441065,453,C,0.0,0.0,1.0,C,Net
686,High,Increasing,12.39,0.52,6.40603,5,No,Small,0.3975805126080125,587,C,0.4806210441076525,591,C,0.0,0.0,1.0,C,Net
687,Normal,Increasing,75.38,3.5,1.50028,11,Yes,Small,0.3780106695857271,623,C,0.4642772693101907,619,C,0.0,0.0,1.0,C,Net
688,Low,Increasing,162.2,1.22,3.94632,5,No,Small,0.329220679449136,666,C,0.4381652460605554,655,C,0.0,0.0,1.0,C,Net
689,Low,Increasing,177.6,0.17,6.70556,3,No,Small,0.36739601463651334,636,C,0.4554680538363299,641,C,0.0,0.0,1.0,C,Net
690,Normal,Ending,13.09,2.81,9.16772,0,Yes,Small,0.4359935393367195,505,C,0.49424729780300397,555,C,0.0,0.0,1.0,C,Net
691,Normal,Stable,173.84,4.3,3.5439,23,No,Large,0.6692634167325083,50,A,0.7208470382986419,46,A,1.0,0.0,0.0,A,Net
692,Normal,Unknown,30.96,1.09,2.81364,11,Yes,Large,0.395529890086427,590,C,0.4915056498614559,561,C,0.0,0.0,1.0,C,Net
693,Normal,Unknown,49.86,1.64,6.03168,3,Yes,Medium,0.3876393799483729,606,C,0.49891920632063985,550,C,0.0,0.0,1.0,C,Net
694,Low,Ending,118.43,4.88,1.14158,29,No,Large,0.5778782054683405,172,B,0.6521201361560726,162,B,0.192857142857143,0.8071428571428569,0.0,B,Frontière
695,Low,Unknown,196.93,3.0,9.51076,16,No,Medium,0.6424073583836523,69,A,0.6938063686422538,79,A,1.0,0.0,0.0,A,Net
696,Normal,Ending,18.46,0.94,1.78033,2,No,Large,0.3449564302077477,653,C,0.43973708620864915,654,C,0.0,0.0,1.0,C,Net
697,High,Decreasing,144.55,2.15,2.9031,10,No,Small,0.42230586096168166,531,C,0.5052054383684231,534,C,0.0,0.0,1.0,C,Net
698,Low,Increasing,81.62,0.54,1.72528,30,No,Small,0.4144878076348313,545,C,0.4750972304030193,602,C,0.0,0.0,1.0,C,Net
699,Low,Increasing,114.37,1.74,2.57816,25,Yes,Medium,0.43696183509297204,500,C,0.535771430175459,460,C,0.0,0.0,1.0,C,Net
